Workbook

Sheet Sample-info
A1: ClientID | B1: Poochon ID | C1: Sample name | D1: Conc.(ug/ul) | E1: TMT-tag | F1: TMT set | G1: Group | H1: group2
A2: 1 | B2: 1 | C2: 001FEA | D2: 0.69142724 | E2: 126 | F2: set 1 | G2: a | H2: c | I2: 126
A3: 2 | B3: 2 | C3: 002FAA | D3: 0.51039477 | E3: 127N | G3: a | H3: d | I3: 127N
A4: 3 | B4: 3 | C4: 003MEA | D4: 0.61551039 | E4: 127C | G4: b | H4: c | I4: 127C
A5: 4 | B5: 4 | C5: 004FAA | D5: 0.51331465 | E5: 128N | G5: a | H5: d | I5: 128N
A6: 5 | B6: 5 | C6: 005FEA | D6: 0.48119598 | E6: 128C | G6: a | H6: c | I6: 128C
A7: 6 | B7: 6 | C7: 006FEA | D7: 0.39359963 | E7: 129N | G7: a | H7: c | I7: 129N
A8: 7 | B8: 7 | C8: 007FEA | D8: 0.51623452 | E8: 129C | G8: a | H8: c | I8: 129C
A9: 8 | B9: 8 | C9: 008MEA | D9: 0.51039477 | E9: 130N | G9: b | H9: c | I9: 130N
A10: 9 | B10: 9 | C10: 009FEA | D10: 0.55127307 | E10: 130C | G10: a | H10: c | I10: 130C
A11: 10 | B11: 10 | C11: 010MEA | D11: 0.48703574 | E11: 131N | G11: b | H11: c | I11: 131N
A12: 11 | B12: 11 | C12: 011FEA | D12: 0.91917776 | E12: 131C | G12: a | H12: c | I12: 131C
A13: 12 | B13: 12 | C13: 012FEA | D13: 1.2841626 | E13: 132N | G13: a | H13: c | I13: 132N
A14: 13 | B14: 13 | C14: 013MEA | D14: 0.80822238 | E14: 132C | G14: b | H14: c | I14: 132C
... A17: 16 | B17: 16 | C17: 016FEA | D17: 0.66806821 | E17: 134N | G17: a | H17: c | I17: 134N
C18: master mix1 | D18: master mix | E18: 134C | I18: 134C
A19: 17 | B19: 17 | C19: 017FEA | D19: 0.82282177 | E19: 126 | F19: set 2 | G19: a | H19: c | I19: 126
A20: 18 | B20: 18 | C20: 018MEA | D20: 0.84034104 | E20: 127N | G20: b | H20: c | I20: 127N
A21: 19 | B21: 19 | C21: 019MEA | D21: 0.78486335 | E21: 127C | G21: b | H21: c | I21: 127C
A22: 20 | B22: 20 | C22: 020MAA | D22: 0.51039477 | E22: 128N | G22: b | H22: d | I22: 128N
A23: 21 | B23: 21 | C23: 021MAA | D23: 0.67390797 | E23: 128C | G23: b | H23: d | I23: 128C
A24: 22 | B24: 22 | C24: 022MAA | D24: 0.59799112 | E24: 129N | G24: b | H24: d | I24: 129N
A25: 23 | B25: 23 | C25: 023MAA | D25: 0.95713618 | E25: 129C | G25: b | H25: d | I25: 129C
A26: 24 | B26: 24 | C26: 024FAA | D26: 0.74690493 | E26: 130N | G26: a | H26: d | I26: 130N
A27: 25 | B27: 25 | C27: 025FAA | D27: 0.94253679 | E27: 130C | G27: a | H27: d | I27: 130C
A28: 26 | B28: 26 | C28: 026MAA | D28: 0.9688157 | E28: 131N | G28: b | H28: d | I28: 131N
A29: 27 | B29: 27 | C29: 027FAA | D29: 0.63886942 | E29: 131C | G29: a | H29: d | I29: 131C
A30: 28 | B30: 28 | C30: 028FEA | D30: 0.75274469 | E30: 132N | G30: a | H30: c | I30: 132N
A31: 29 | B31: 29 | C31: 029FAA | D31: 0.81990189 | E31: 132C | G31: a | H31: d | I31: 132C
... A34: 32 | B34: 32 | C34: 032FAA | D34: 0.86078019 | E34: 134N | G34: a | H34: d | I34: 134N
C35: master mix2 | D35: master mix | E35: 134C | I35: 134C

Sheet Proteins
A1: Protein FDR Confidence: Combined | B1: Accession | C1: Description | D1: Exp. q-value: Combined | E1: Sum PEP Score | F1: Coverage [%] | G1: # Peptides | H1: # PSMs | I1: # Unique Peptides | J1: # AAs | K1: MW [kDa] | L1: calc. pI | M1: Score Sequest HT: Sequest HT | N1: # Peptides (by Search Engine): Sequest HT | O1: # Razor Peptides | P1: Abundance: F1: 126, Sample | Q1: Abundance: F1: 127N, Sample | R1: Abundance: F1: 127C, Sample | S1: Abundance: F1: 128N, Sample | T1: Abundance: F1: 128C, Sample | U1: Abundance: F1: 129N, Sample | V1: Abundance: F1: 129C, Sample | W1: Abundance: F1: 130N, Sample | X1: Abundance: F1: 130C, Sample | Y1: Abundance: F1: 131N, Sample | Z1: Abundance: F1: 131C, Sample | AA1: Abundance: F1: 132N, Sample | AB1: Abundance: F1: 132C, Sample | AC1: Abundance: F1: 133N, Sample | AD1: Abundance: F1: 133C, Sample | AE1: Abundance: F1: 134N, Sample | AF1: Abundance: F1: 134C, Sample | AG1: Abundance: F2: 126, Sample | AH1: Abundance: F2: 127N, Sample | AI1: Abundance: F2: 127C, Sample | AJ1: Abundance: F2: 128N, Sample | AK1: Abundance: F2: 128C, Sample | AL1: Abundance: F2: 129N, Sample | AM1: Abundance: F2: 129C, Sample | AN1: Abundance: F2: 130N, Sample | AO1: Abundance: F2: 130C, Sample | AP1: Abundance: F2: 131N, Sample | AQ1: Abundance: F2: 131C, Sample | AR1: Abundance: F2: 132N, Sample | AS1: Abundance: F2: 132C, Sample | AT1: Abundance: F2: 133N, Sample | AU1: Abundance: F2: 133C, Sample | AV1: Abundance: F2: 134N, Sample | AW1: Abundance: F2: 134C, Sample | AX1: Ratio(Abundance: F1: 126, Sample/F1: 134C, Sample) | AY1: Ratio(Abundance: F1: 127N, Sample/F1: 134C, Sample) | AZ1: Ratio(Abundance: F1: 127C, Sample/F1: 134C, Sample) | BA1: Ratio(Abundance: F1: 128N, Sample/F1: 134C, Sample) | BB1: Ratio(Abundance: F1: 128C, Sample/F1: 134C, Sample) | BC1: Ratio(Abundance: F1: 129N, Sample/F1: 134C, Sample) | BD1: Ratio(Abundance: F1: 129C, Sample/F1: 134C, Sample) | BE1: Ratio(Abundance: F1: 130N, Sample/F1: 134C, Sample) | BF1: Ratio(Abundance: F1: 130C, Sample/F1: 134C, Sample) | BG1: Ratio(Abundance: F1: 131N, Sample/F1: 134C, Sample) | BH1: Ratio(Abundance: F1: 131C, Sample/F1: 134C, Sample) | BI1: Ratio(Abundance: F1: 132N, Sample/F1: 134C, Sample) | BJ1: Ratio(Abundance: F1: 132C, Sample/F1: 134C, Sample) | BK1: Ratio(Abundance: F1: 133N, Sample/F1: 134C, Sample) | BL1: Ratio(Abundance: F1: 133C, Sample/F1: 134C, Sample) | BM1: Ratio(Abundance: F1: 134N, Sample/F1: 134C, Sample) | BN1: Ratio(Abundance: F1: 134C, Sample/F1: 134C, Sample) | BO1: Ratio(Abundance: F2: 126, Sample/F2: 134C, Sample) | BP1: Ratio(Abundance: F2: 127N, Sample/F2: 134C, Sample) | BQ1: Ratio(Abundance: F2: 127C, Sample/F2: 134C, Sample) | BR1: Ratio(Abundance: F2: 128N, Sample/F2: 134C, Sample) | BS1: Ratio(Abundance: F2: 128C, Sample/F2: 134C, Sample) | BT1: Ratio(Abundance: F2: 129N, Sample/F2: 134C, Sample) | BU1: Ratio(Abundance: F2: 129C, Sample/F2: 134C, Sample) | BV1: Ratio(Abundance: F2: 130N, Sample/F2: 134C, Sample) | BW1: Ratio(Abundance: F2: 130C, Sample/F2: 134C, Sample) | BX1: Ratio(Abundance: F2: 131N, Sample/F2: 134C, Sample) | BY1: Ratio(Abundance: F2: 131C, Sample/F2: 134C, Sample) | BZ1: Ratio(Abundance: F2: 132N, Sample/F2: 134C, Sample) | CA1: Ratio(Abundance: F2: 132C, Sample/F2: 134C, Sample) | CB1: Ratio(Abundance: F2: 133N, Sample/F2: 134C, Sample) | CC1: Ratio(Abundance: F2: 133C, Sample/F2: 134C, Sample) | CD1: Ratio(Abundance: F2: 134N, Sample/F2: 134C, Sample) | CE1: Ratio(Abundance: F2: 134C, Sample/F2: 134C, Sample) | CF1: Normalized Ratio(Abundance: F1: 126, Sample/F1: 134C, Sample) | CG1: Normalized Ratio(Abundance: F1: 127N, Sample/F1: 134C, Sample) | CH1: Normalized Ratio(Abundance: F1: 127C, Sample/F1: 134C, Sample) | CI1: Normalized Ratio(Abundance: F1: 128N, Sample/F1: 134C, Sample) | CJ1: Normalized Ratio(Abundance: F1: 128C, Sample/F1: 134C, Sample) | CK1: Normalized Ratio(Abundance: F1: 129N, Sample/F1: 134C, Sample) | CL1: Normalized Ratio(Abundance: F1: 129C, Sample/F1: 134C, Sample) | CM1: Normalized Ratio(Abundance: F1: 130N, Sample/F1: 134C, Sample) | CN1: Normalized Ratio(Abundance: F1: 130C, Sample/F1: 134C, Sample) | CO1: Normalized Ratio(Abundance: F1: 131N, Sample/F1: 134C, Sample) | CP1: Normalized Ratio(Abundance: F1: 131C, Sample/F1: 134C, Sample) | CQ1: Normalized Ratio(Abundance: F1: 132N, Sample/F1: 134C, Sample) | CR1: Normalized Ratio(Abundance: F1: 132C, Sample/F1: 134C, Sample) | CS1: Normalized Ratio(Abundance: F1: 133N, Sample/F1: 134C, Sample) | CT1: Normalized Ratio(Abundance: F1: 133C, Sample/F1: 134C, Sample) | CU1: Normalized Ratio(Abundance: F1: 134N, Sample/F1: 134C, Sample) | CV1: Normalized Ratio(Abundance: F1: 134C, Sample/F1: 134C, Sample) | CW1: Normalized Ratio(Abundance: F2: 126, Sample/F2: 134C, Sample) | CX1: Normalized Ratio(Abundance: F2: 127N, Sample/F2: 134C, Sample) | CY1: Normalized Ratio(Abundance: F2: 127C, Sample/F2: 134C, Sample) | CZ1: Normalized Ratio(Abundance: F2: 128N, Sample/F2: 134C, Sample) | DA1: Normalized Ratio(Abundance: F2: 128C, Sample/F2: 134C, Sample) | DB1: Normalized Ratio(Abundance: F2: 129N, Sample/F2: 134C, Sample) | DC1: Normalized Ratio(Abundance: F2: 129C, Sample/F2: 134C, Sample) | DD1: Normalized Ratio(Abundance: F2: 130N, Sample/F2: 134C, Sample) | DE1: Normalized Ratio(Abundance: F2: 130C, Sample/F2: 134C, Sample) | DF1: Normalized Ratio(Abundance: F2: 131N, Sample/F2: 134C, Sample) | DG1: Normalized Ratio(Abundance: F2: 131C, Sample/F2: 134C, Sample) | DH1: Normalized Ratio(Abundance: F2: 132N, Sample/F2: 134C, Sample) | DI1: Normalized Ratio(Abundance: F2: 132C, Sample/F2: 134C, Sample) | DJ1: Normalized Ratio(Abundance: F2: 133N, Sample/F2: 134C, Sample) | DK1: Normalized Ratio(Abundance: F2: 133C, Sample/F2: 134C, Sample) | DL1: Normalized Ratio(Abundance: F2: 134N, Sample/F2: 134C, Sample) | DM1: Normalized Ratio(Abundance: F2: 134C, Sample/F2: 134C, Sample)
A2: Low | B2: Q7RTR8 | C2: Taste receptor type 2 member 42 OS=Homo sapiens OX=9606 GN=TAS2R42 PE=2 SV=1 | D2: 0.192 | E2: 1.147 | F2: 3 | G2: 1 | H2: 45 | I2: 1 | J2: 314 | K2: 36.2 | L2: 9.6 | M2: 0 | N2: 1 | O2: 0 | AG2: 8.8 | AH2: 8.7 | AI2: 8.8 | AJ2: 11.1 | AK2: 9.1 | AL2: 9.1 | AM2: 11.6 | AN2: 14 | AO2: 10.2 | AP2: 10.5 | AQ2: 7.5 | AR2: 13.7 | AS2: 9 | AT2: 8.8 | AU2: 9.6 | AV2: 10.8 | AW2: 9.5 | AX2: 0 | AY2: 0 | AZ2: 0 | BA2: 0 | BB2: 0 | BC2: 0 | BD2: 0 | BE2: 0 | BF2: 0 | BG2: 0 | BH2: 0 | BI2: 0 | BJ2: 0 | BK2: 0 | BL2: 0 | BM2: 0 | BN2: 0 | BO2: =AG2/$AW2 -> 0.92631579 | BP2: =AH2/$AW2 -> 0.91578947 | BQ2: =AI2/$AW2 -> 0.92631579 | BR2: =AJ2/$AW2 -> 1.1684211 | BS2: =AK2/$AW2 -> 0.95789474 | BT2: =AL2/$AW2 -> 0.95789474 | BU2: =AM2/$AW2 -> 1.2210526 | BV2: =AN2/$AW2 -> 1.4736842 | ... CE2: =AW2/$AW2 -> 1 | CF2: =AX2*NF!B$6 -> 0 | CG2: =AY2*NF!C$6 -> 0 | CH2: =AZ2*NF!D$6 -> 0 | CI2: =BA2*NF!E$6 -> 0 | CJ2: =BB2*NF!F$6 -> 0 | CK2: =BC2*NF!G$6 -> 0 | CL2: =BD2*NF!H$6 -> 0 | CM2: =BE2*NF!I$6 -> 0 | ... DM2: =CE2*NF!AI$6 -> 1
A3: Low | B3: Q9NP81 | C3: Serine--tRNA ligase, mitochondrial OS=Homo sapiens OX=9606 GN=SARS2 PE=1 SV=1 | D3: 0.268 | E3: 0.829 | F3: 3 | G3: 1 | H3: 4 | I3: 1 | J3: 518 | K3: 58.2 | L3: 8.13 | M3: 0 | N3: 1 | O3: 0 | AG3: 10.5 | AH3: 12.9 | AI3: 8.4 | AJ3: 11.8 | AK3: 12 | AL3: 22.5 | AM3: 25.6 | AN3: 44.1 | AO3: 13.2 | AP3: 10.5 | AQ3: 9.8 | AR3: 7.6 | AS3: 8.4 | AT3: 10.5 | AU3: 8 | AV3: 9.6 | AW3: 8.8 | AX3: 0 | AY3: 0 | AZ3: 0 | BA3: 0 | BB3: 0 | BC3: 0 | BD3: 0 | BE3: 0 | BF3: 0 | BG3: 0 | BH3: 0 | BI3: 0 | BJ3: 0 | BK3: 0 | BL3: 0 | BM3: 0 | BN3: 0 | BO3: =AG3/$AW3 -> 1.1931818 | BP3: =AH3/$AW3 -> 1.4659091 | BQ3: =AI3/$AW3 -> 0.95454545 | BR3: =AJ3/$AW3 -> 1.3409091 | BS3: =AK3/$AW3 -> 1.3636364 | BT3: =AL3/$AW3 -> 2.5568182 | BU3: =AM3/$AW3 -> 2.9090909 | BV3: =AN3/$AW3 -> 5.0113636 | ... CE3: =AW3/$AW3 -> 1 | CF3: =AX3*NF!B$6 -> 0 | CG3: =AY3*NF!C$6 -> 0 | CH3: =AZ3*NF!D$6 -> 0 | CI3: =BA3*NF!E$6 -> 0 | CJ3: =BB3*NF!F$6 -> 0 | CK3: =BC3*NF!G$6 -> 0 | CL3: =BD3*NF!H$6 -> 0 | CM3: =BE3*NF!I$6 -> 0 | ... DM3: =CE3*NF!AI$6 -> 1
A4: High | B4: P04921 | C4: Glycophorin-C OS=Homo sapiens OX=9606 GN=GYPC PE=1 SV=1 | D4: 0 | E4: 9.969 | F4: 20 | G4: 1 | H4: 1 | I4: 1 | J4: 128 | K4: 13.8 | L4: 4.84 | M4: 5.45 | N4: 1 | O4: 0 | AG4: 11.4 | AH4: 15.5 | AI4: 13.8 | AJ4: 12.6 | AK4: 15.4 | AL4: 9.2 | AM4: 41.3 | AN4: 9.9 | AO4: 11.9 | AP4: 12.3 | AQ4: 11.5 | AR4: 6.5 | AS4: 8.7 | AT4: 10.7 | AU4: 11 | AV4: 14 | AW4: 9 | AX4: 0 | AY4: 0 | AZ4: 0 | BA4: 0 | BB4: 0 | BC4: 0 | BD4: 0 | BE4: 0 | BF4: 0 | BG4: 0 | BH4: 0 | BI4: 0 | BJ4: 0 | BK4: 0 | BL4: 0 | BM4: 0 | BN4: 0 | BO4: =AG4/$AW4 -> 1.2666667 | BP4: =AH4/$AW4 -> 1.7222222 | BQ4: =AI4/$AW4 -> 1.5333333 | BR4: =AJ4/$AW4 -> 1.4 | BS4: =AK4/$AW4 -> 1.7111111 | BT4: =AL4/$AW4 -> 1.0222222 | BU4: =AM4/$AW4 -> 4.5888889 | BV4: =AN4/$AW4 -> 1.1 | ... CE4: =AW4/$AW4 -> 1 | CF4: =AX4*NF!B$6 -> 0 | CG4: =AY4*NF!C$6 -> 0 | CH4: =AZ4*NF!D$6 -> 0 | CI4: =BA4*NF!E$6 -> 0 | CJ4: =BB4*NF!F$6 -> 0 | CK4: =BC4*NF!G$6 -> 0 | CL4: =BD4*NF!H$6 -> 0 | CM4: =BE4*NF!I$6 -> 0 | ... DM4: =CE4*NF!AI$6 -> 1
A5: Low | B5: P46777 | C5: 60S ribosomal protein L5 OS=Homo sapiens OX=9606 GN=RPL5 PE=1 SV=3 | D5: 0.209 | E5: 1.078 | F5: 7 | G5: 1 | H5: 1 | I5: 1 | J5: 297 | K5: 34.3 | L5: 9.72 | M5: 0 | N5: 1 | O5: 0 | AG5: 12.2 | AH5: 9.3 | AI5: 15.5 | AJ5: 8.4 | AK5: 10.8 | AL5: 11.2 | AM5: 15.9 | AN5: 12.5 | AO5: 8.1 | AP5: 10.1 | AQ5: 9.8 | AR5: 12.7 | AS5: 5.4 | AT5: 16.2 | AU5: 12.1 | AV5: 6 | AW5: 6.2 | AX5: 0 | AY5: 0 | AZ5: 0 | BA5: 0 | BB5: 0 | BC5: 0 | BD5: 0 | BE5: 0 | BF5: 0 | BG5: 0 | BH5: 0 | BI5: 0 | BJ5: 0 | BK5: 0 | BL5: 0 | BM5: 0 | BN5: 0 | BO5: =AG5/$AW5 -> 1.9677419 | BP5: =AH5/$AW5 -> 1.5 | BQ5: =AI5/$AW5 -> 2.5 | BR5: =AJ5/$AW5 -> 1.3548387 | BS5: =AK5/$AW5 -> 1.7419355 | BT5: =AL5/$AW5 -> 1.8064516 | BU5: =AM5/$AW5 -> 2.5645161 | BV5: =AN5/$AW5 -> 2.016129 | ... CE5: =AW5/$AW5 -> 1 | CF5: =AX5*NF!B$6 -> 0 | CG5: =AY5*NF!C$6 -> 0 | CH5: =AZ5*NF!D$6 -> 0 | CI5: =BA5*NF!E$6 -> 0 | CJ5: =BB5*NF!F$6 -> 0 | CK5: =BC5*NF!G$6 -> 0 | CL5: =BD5*NF!H$6 -> 0 | CM5: =BE5*NF!I$6 -> 0 | ... DM5: =CE5*NF!AI$6 -> 1
A6: High | B6: Q3ZCW2 | C6: Galectin-related protein OS=Homo sapiens OX=9606 GN=LGALSL PE=1 SV=2 | D6: 0.001 | E6: 5.422 | F6: 21 | G6: 3 | H6: 3 | I6: 3 | J6: 172 | K6: 19 | L6: 5.35 | M6: 2.12 | N6: 3 | O6: 0 | P6: 232.6 | Q6: 116.3 | R6: 146.5 | S6: 244.2 | T6: 194.1 | U6: 227.6 | V6: 260.5 | W6: 245.5 | X6: 134.8 | Y6: 194.7 | Z6: 196.6 | AA6: 178.1 | AB6: 96.1 | AC6: 153.3 | AD6: 152.3 | AE6: 206.5 | AF6: 129.9 | AG6: 12.6 | AH6: 13.2 | AI6: 13.5 | AJ6: 8.8 | AK6: 11.9 | AL6: 25.3 | AM6: 18.5 | AN6: 12 | AO6: 7.1 | AP6: 9 | AQ6: 6.9 | AR6: 6.6 | AS6: 9.6 | AT6: 8.2 | AU6: 10 | AV6: 12.6 | AW6: 15.4 | AX6: =P6/$AF6 -> 1.7906082 | AY6: =Q6/$AF6 -> 0.89530408 | AZ6: =R6/$AF6 -> 1.1277906 | BA6: =S6/$AF6 -> 1.8799076 | BB6: =T6/$AF6 -> 1.4942263 | BC6: =U6/$AF6 -> 1.752117 | BD6: =V6/$AF6 -> 2.0053888 | BE6: =W6/$AF6 -> 1.8899153 | ... BN6: =AF6/$AF6 -> 1 | BO6: =AG6/$AW6 -> 0.81818182 | BP6: =AH6/$AW6 -> 0.85714286 | BQ6: =AI6/$AW6 -> 0.87662338 | BR6: =AJ6/$AW6 -> 0.57142857 | BS6: =AK6/$AW6 -> 0.77272727 | BT6: =AL6/$AW6 -> 1.6428571 | BU6: =AM6/$AW6 -> 1.2012987 | BV6: =AN6/$AW6 -> 0.77922078 | ... CE6: =AW6/$AW6 -> 1 | CF6: =AX6*NF!B$6 -> 1.832906 | CG6: =AY6*NF!C$6 -> 0.80509576 | CH6: =AZ6*NF!D$6 -> 1.0237241 | CI6: =BA6*NF!E$6 -> 1.5637454 | CJ6: =BB6*NF!F$6 -> 1.2021926 | CK6: =BC6*NF!G$6 -> 1.3016766 | CL6: =BD6*NF!H$6 -> 1.4521028 | CM6: =BE6*NF!I$6 -> 1.5338178 | ... DM6: =CE6*NF!AI$6 -> 1
A7: High | B7: Q9UMD9 | C7: Collagen alpha-1(XVII) chain OS=Homo sapiens OX=9606 GN=COL17A1 PE=1 SV=3 | D7: 0.001 | E7: 5.751 | F7: 1 | G7: 1 | H7: 2 | I7: 1 | J7: 1497 | K7: 150.3 | L7: 8.79 | M7: 6.92 | N7: 1 | O7: 0 | P7: 47.5 | Q7: 52.1 | R7: 65.9 | S7: 41.3 | T7: 119.4 | U7: 52.2 | V7: 48.8 | W7: 64 | X7: 34.8 | Y7: 71.5 | Z7: 51 | AA7: 45.6 | AB7: 25.5 | AC7: 51.1 | AD7: 42 | AE7: 54.2 | AF7: 52 | AG7: 12.8 | AH7: 13.6 | AI7: 12.2 | AJ7: 14.8 | AK7: 17.2 | AL7: 10 | AM7: 16.8 | AN7: 16.1 | AO7: 17.8 | AP7: 24.4 | AQ7: 4.5 | AR7: 8.6 | AS7: 5.9 | AT7: 5 | AU7: 20.5 | AV7: 11 | AW7: 12.1 | AX7: =P7/$AF7 -> 0.91346154 | AY7: =Q7/$AF7 -> 1.0019231 | AZ7: =R7/$AF7 -> 1.2673077 | BA7: =S7/$AF7 -> 0.79423077 | BB7: =T7/$AF7 -> 2.2961538 | BC7: =U7/$AF7 -> 1.0038462 | BD7: =V7/$AF7 -> 0.93846154 | BE7: =W7/$AF7 -> 1.2307692 | ... BN7: =AF7/$AF7 -> 1 | BO7: =AG7/$AW7 -> 1.0578512 | BP7: =AH7/$AW7 -> 1.1239669 | BQ7: =AI7/$AW7 -> 1.0082645 | BR7: =AJ7/$AW7 -> 1.2231405 | BS7: =AK7/$AW7 -> 1.4214876 | BT7: =AL7/$AW7 -> 0.82644628 | BU7: =AM7/$AW7 -> 1.3884298 | BV7: =AN7/$AW7 -> 1.3305785 | ... CE7: =AW7/$AW7 -> 1 | CF7: =AX7*NF!B$6 -> 0.93503938 | CG7: =AY7*NF!C$6 -> 0.90097213 | CH7: =AZ7*NF!D$6 -> 1.1503673 | CI7: =BA7*NF!E$6 -> 0.6606573 | CJ7: =BB7*NF!F$6 -> 1.8473902 | CK7: =BC7*NF!G$6 -> 0.74577387 | CL7: =BD7*NF!H$6 -> 0.67954035 | CM7: =BE7*NF!I$6 -> 0.99886792 | ... DM7: =CE7*NF!AI$6 -> 1
A8: Low | B8: A0A584 | C8: T cell receptor beta variable 11-2 OS=Homo sapiens OX=9606 GN=TRBV11-2 PE=3 SV=1 | D8: 0.255 | E8: 0.88 | F8: 24 | G8: 1 | H8: 4 | I8: 1 | J8: 115 | K8: 12.7 | L8: 8.16 | M8: 0 | N8: 1 | O8: 0 | AG8: 12.8 | AH8: 19.9 | AI8: 15.4 | AJ8: 16.3 | AK8: 12.6 | AL8: 11.5 | AM8: 11.1 | AN8: 16.6 | AO8: 11.6 | AP8: 20.3 | AQ8: 15.9 | AR8: 14.3 | AS8: 12.9 | AT8: 14 | AU8: 10.8 | AV8: 14.1 | AW8: 18.1 | AX8: 0 | AY8: 0 | AZ8: 0 | BA8: 0 | BB8: 0 | BC8: 0 | BD8: 0 | BE8: 0 | BF8: 0 | BG8: 0 | BH8: 0 | BI8: 0 | BJ8: 0 | BK8: 0 | BL8: 0 | BM8: 0 | BN8: 0 | BO8: =AG8/$AW8 -> 0.70718232 | BP8: =AH8/$AW8 -> 1.0994475 | BQ8: =AI8/$AW8 -> 0.85082873 | BR8: =AJ8/$AW8 -> 0.90055249 | BS8: =AK8/$AW8 -> 0.6961326 | BT8: =AL8/$AW8 -> 0.63535912 | BU8: =AM8/$AW8 -> 0.61325967 | BV8: =AN8/$AW8 -> 0.91712707 | ... CE8: =AW8/$AW8 -> 1 | CF8: =AX8*NF!B$6 -> 0 | CG8: =AY8*NF!C$6 -> 0 | CH8: =AZ8*NF!D$6 -> 0 | CI8: =BA8*NF!E$6 -> 0 | CJ8: =BB8*NF!F$6 -> 0 | CK8: =BC8*NF!G$6 -> 0 | CL8: =BD8*NF!H$6 -> 0 | CM8: =BE8*NF!I$6 -> 0 | ... DM8: =CE8*NF!AI$6 -> 1
A9: Low | B9: Q9UL16 | C9: Cilia- and flagella-associated protein 45 OS=Homo sapiens OX=9606 GN=CFAP45 PE=1 SV=2 | D9: 0.233 | E9: 0.977 | F9: 4 | G9: 1 | H9: 2 | I9: 1 | J9: 551 | K9: 65.7 | L9: 8.9 | M9: 0 | N9: 1 | O9: 0 | AG9: 13.2 | AH9: 16.2 | AI9: 15.1 | AJ9: 23.5 | AK9: 19.9 | AL9: 13.4 | AM9: 16.6 | AN9: 16.6 | AO9: 18.2 | AP9: 12.7 | AQ9: 12.8 | AR9: 8.7 | AS9: 10.4 | AT9: 12.7 | AU9: 9.2 | AV9: 18 | AW9: 16.5 | AX9: 0 | AY9: 0 | AZ9: 0 | BA9: 0 | BB9: 0 | BC9: 0 | BD9: 0 | BE9: 0 | BF9: 0 | BG9: 0 | BH9: 0 | BI9: 0 | BJ9: 0 | BK9: 0 | BL9: 0 | BM9: 0 | BN9: 0 | BO9: =AG9/$AW9 -> 0.8 | BP9: =AH9/$AW9 -> 0.98181818 | BQ9: =AI9/$AW9 -> 0.91515152 | BR9: =AJ9/$AW9 -> 1.4242424 | BS9: =AK9/$AW9 -> 1.2060606 | BT9: =AL9/$AW9 -> 0.81212121 | BU9: =AM9/$AW9 -> 1.0060606 | BV9: =AN9/$AW9 -> 1.0060606 | ... CE9: =AW9/$AW9 -> 1 | CF9: =AX9*NF!B$6 -> 0 | CG9: =AY9*NF!C$6 -> 0 | CH9: =AZ9*NF!D$6 -> 0 | CI9: =BA9*NF!E$6 -> 0 | CJ9: =BB9*NF!F$6 -> 0 | CK9: =BC9*NF!G$6 -> 0 | CL9: =BD9*NF!H$6 -> 0 | CM9: =BE9*NF!I$6 -> 0 | ... DM9: =CE9*NF!AI$6 -> 1
A10: Low | B10: Q8TDD5 | C10: Mucolipin-3 OS=Homo sapiens OX=9606 GN=MCOLN3 PE=1 SV=1 | D10: 0.203 | E10: 1.108 | F10: 4 | G10: 1 | H10: 2 | I10: 1 | J10: 553 | K10: 64.2 | L10: 6.18 | M10: 0 | N10: 1 | O10: 0 | AG10: 13.8 | AH10: 14.3 | AI10: 10.9 | AJ10: 10.3 | AK10: 11.9 | AL10: 8.3 | AM10: 7.8 | AN10: 8.8 | AO10: 8.5 | AP10: 9.5 | AQ10: 9.2 | AR10: 11.3 | AS10: 10.4 | AT10: 15.2 | AU10: 7.1 | AV10: 10.1 | AW10: 8.6 | AX10: 0 | AY10: 0 | AZ10: 0 | BA10: 0 | BB10: 0 | BC10: 0 | BD10: 0 | BE10: 0 | BF10: 0 | BG10: 0 | BH10: 0 | BI10: 0 | BJ10: 0 | BK10: 0 | BL10: 0 | BM10: 0 | BN10: 0 | BO10: =AG10/$AW10 -> 1.6046512 | BP10: =AH10/$AW10 -> 1.6627907 | BQ10: =AI10/$AW10 -> 1.2674419 | BR10: =AJ10/$AW10 -> 1.1976744 | BS10: =AK10/$AW10 -> 1.3837209 | BT10: =AL10/$AW10 -> 0.96511628 | BU10: =AM10/$AW10 -> 0.90697674 | BV10: =AN10/$AW10 -> 1.0232558 | ... CE10: =AW10/$AW10 -> 1 | CF10: =AX10*NF!B$6 -> 0 | CG10: =AY10*NF!C$6 -> 0 | CH10: =AZ10*NF!D$6 -> 0 | CI10: =BA10*NF!E$6 -> 0 | CJ10: =BB10*NF!F$6 -> 0 | CK10: =BC10*NF!G$6 -> 0 | CL10: =BD10*NF!H$6 -> 0 | CM10: =BE10*NF!I$6 -> 0 | ... DM10: =CE10*NF!AI$6 -> 1
A11: Low | B11: P30044 | C11: Peroxiredoxin-5, mitochondrial OS=Homo sapiens OX=9606 GN=PRDX5 PE=1 SV=4 | D11: 0.062 | E11: 2.005 | F11: 8 | G11: 1 | H11: 1 | I11: 1 | J11: 214 | K11: 22.1 | L11: 8.7 | M11: 0 | N11: 1 | O11: 0 | AG11: 13.9 | AH11: 13 | AI11: 14 | AJ11: 14.5 | AK11: 12.8 | AL11: 11 | AM11: 10.7 | AN11: 7.4 | AO11: 10.1 | AP11: 9.7 | AQ11: 10.1 | AR11: 15 | AS11: 9.4 | AT11: 10.7 | AU11: 8.9 | AV11: 14.9 | AW11: 8.5 | AX11: 0 | AY11: 0 | AZ11: 0 | BA11: 0 | BB11: 0 | BC11: 0 | BD11: 0 | BE11: 0 | BF11: 0 | BG11: 0 | BH11: 0 | BI11: 0 | BJ11: 0 | BK11: 0 | BL11: 0 | BM11: 0 | BN11: 0 | BO11: =AG11/$AW11 -> 1.6352941 | BP11: =AH11/$AW11 -> 1.5294118 | BQ11: =AI11/$AW11 -> 1.6470588 | BR11: =AJ11/$AW11 -> 1.7058824 | BS11: =AK11/$AW11 -> 1.5058824 | BT11: =AL11/$AW11 -> 1.2941176 | BU11: =AM11/$AW11 -> 1.2588235 | BV11: =AN11/$AW11 -> 0.87058824 | ... CE11: =AW11/$AW11 -> 1 | CF11: =AX11*NF!B$6 -> 0 | CG11: =AY11*NF!C$6 -> 0 | CH11: =AZ11*NF!D$6 -> 0 | CI11: =BA11*NF!E$6 -> 0 | CJ11: =BB11*NF!F$6 -> 0 | CK11: =BC11*NF!G$6 -> 0 | CL11: =BD11*NF!H$6 -> 0 | CM11: =BE11*NF!I$6 -> 0 | ... DM11: =CE11*NF!AI$6 -> 1
A12: Low | B12: Q9NYC9 | C12: Dynein heavy chain 9, axonemal OS=Homo sapiens OX=9606 GN=DNAH9 PE=1 SV=3 | D12: 0.244 | E12: 0.93 | F12: 0 | G12: 1 | H12: 2 | I12: 1 | J12: 4486 | K12: 511.6 | L12: 5.91 | M12: 0 | N12: 1 | O12: 0 | AG12: 15.8 | AH12: 15.2 | AI12: 14.5 | AJ12: 14.7 | AK12: 21.6 | AL12: 14.8 | AM12: 15.5 | AN12: 15.5 | AO12: 15 | AP12: 17.9 | AQ12: 13 | AR12: 14.5 | AS12: 15.5 | AT12: 17.5 | AU12: 12.3 | AV12: 14.4 | AW12: 10.8 | AX12: 0 | AY12: 0 | AZ12: 0 | BA12: 0 | BB12: 0 | BC12: 0 | BD12: 0 | BE12: 0 | BF12: 0 | BG12: 0 | BH12: 0 | BI12: 0 | BJ12: 0 | BK12: 0 | BL12: 0 | BM12: 0 | BN12: 0 | BO12: =AG12/$AW12 -> 1.462963 | BP12: =AH12/$AW12 -> 1.4074074 | BQ12: =AI12/$AW12 -> 1.3425926 | BR12: =AJ12/$AW12 -> 1.3611111 | BS12: =AK12/$AW12 -> 2 | BT12: =AL12/$AW12 -> 1.3703704 | BU12: =AM12/$AW12 -> 1.4351852 | BV12: =AN12/$AW12 -> 1.4351852 | ... CE12: =AW12/$AW12 -> 1 | CF12: =AX12*NF!B$6 -> 0 | CG12: =AY12*NF!C$6 -> 0 | CH12: =AZ12*NF!D$6 -> 0 | CI12: =BA12*NF!E$6 -> 0 | CJ12: =BB12*NF!F$6 -> 0 | CK12: =BC12*NF!G$6 -> 0 | CL12: =BD12*NF!H$6 -> 0 | CM12: =BE12*NF!I$6 -> 0 | ... DM12: =CE12*NF!AI$6 -> 1
A13: Medium | B13: P25391 | C13: Laminin subunit alpha-1 OS=Homo sapiens OX=9606 GN=LAMA1 PE=1 SV=2 | D13: 0.02 | E13: 3.235 | F13: 1 | G13: 2 | H13: 10 | I13: 1 | J13: 3075 | K13: 336.9 | L13: 6.35 | M13: 2.04 | N13: 2 | O13: 0 | AG13: 16 | AH13: 16.6 | AI13: 11.6 | AJ13: 13.6 | AK13: 14.6 | AL13: 12.2 | AM13: 8.9 | AN13: 10.6 | AO13: 16.1 | AP13: 13.1 | AQ13: 13.3 | AR13: 18.5 | AS13: 12.9 | AT13: 19 | AU13: 12.2 | AV13: 13.7 | AW13: 8.8 | AX13: 0 | AY13: 0 | AZ13: 0 | BA13: 0 | BB13: 0 | BC13: 0 | BD13: 0 | BE13: 0 | BF13: 0 | BG13: 0 | BH13: 0 | BI13: 0 | BJ13: 0 | BK13: 0 | BL13: 0 | BM13: 0 | BN13: 0 | BO13: =AG13/$AW13 -> 1.8181818 | BP13: =AH13/$AW13 -> 1.8863636 | BQ13: =AI13/$AW13 -> 1.3181818 | BR13: =AJ13/$AW13 -> 1.5454545 | BS13: =AK13/$AW13 -> 1.6590909 | BT13: =AL13/$AW13 -> 1.3863636 | BU13: =AM13/$AW13 -> 1.0113636 | BV13: =AN13/$AW13 -> 1.2045455 | ... CE13: =AW13/$AW13 -> 1 | CF13: =AX13*NF!B$6 -> 0 | CG13: =AY13*NF!C$6 -> 0 | CH13: =AZ13*NF!D$6 -> 0 | CI13: =BA13*NF!E$6 -> 0 | CJ13: =BB13*NF!F$6 -> 0 | CK13: =BC13*NF!G$6 -> 0 | CL13: =BD13*NF!H$6 -> 0 | CM13: =BE13*NF!I$6 -> 0 | ... DM13: =CE13*NF!AI$6 -> 1
A14: Low | B14: Q86V48 | C14: Leucine zipper protein 1 OS=Homo sapiens OX=9606 GN=LUZP1 PE=1 SV=2 | D14: 0.198 | E14: 1.128 | F14: 1 | G14: 1 | H14: 1 | I14: 1 | J14: 1076 | K14: 120.2 | L14: 8.5 | M14: 0 | N14: 1 | O14: 0 | AG14: 16.9 | AH14: 29.5 | AI14: 23.4 | AJ14: 25.6 | AK14: 20.6 | AL14: 53.9 | AM14: 22.4 | AN14: 140.7 | AO14: 40.7 | AP14: 30 | AQ14: 31.6 | AR14: 21.5 | AS14: 15.9 | AT14: 29.8 | AU14: 21.8 | AV14: 24 | AW14: 22.5 | AX14: 0 | AY14: 0 | AZ14: 0 | BA14: 0 | BB14: 0 | BC14: 0 | BD14: 0 | BE14: 0 | BF14: 0 | BG14: 0 | BH14: 0 | BI14: 0 | BJ14: 0 | BK14: 0 | BL14: 0 | BM14: 0 | BN14: 0 | BO14: =AG14/$AW14 -> 0.75111111 | BP14: =AH14/$AW14 -> 1.3111111 | BQ14: =AI14/$AW14 -> 1.04 | BR14: =AJ14/$AW14 -> 1.1377778 | BS14: =AK14/$AW14 -> 0.91555556 | BT14: =AL14/$AW14 -> 2.3955556 | BU14: =AM14/$AW14 -> 0.99555556 | BV14: =AN14/$AW14 -> 6.2533333 | ... CE14: =AW14/$AW14 -> 1 | CF14: =AX14*NF!B$6 -> 0 | CG14: =AY14*NF!C$6 -> 0 | CH14: =AZ14*NF!D$6 -> 0 | CI14: =BA14*NF!E$6 -> 0 | CJ14: =BB14*NF!F$6 -> 0 | CK14: =BC14*NF!G$6 -> 0 | CL14: =BD14*NF!H$6 -> 0 | CM14: =BE14*NF!I$6 -> 0 | ... DM14: =CE14*NF!AI$6 -> 1
A15: Medium | B15: Q9H3U7 | C15: SPARC-related modular calcium-binding protein 2 OS=Homo sapiens OX=9606 GN=SMOC2 PE=1 SV=2 | D15: 0.037 | E15: 2.487 | F15: 2 | G15: 1 | H15: 2 | I15: 1 | J15: 446 | K15: 49.6 | L15: 8.46 | M15: 4.74 | N15: 1 | O15: 0 | P15: 11.5 | Q15: 24.8 | R15: 18.7 | S15: 22.3 | T15: 20.7 | U15: 37.6 | V15: 33.5 | W15: 24.8 | X15: 32.8 | Y15: 18.2 | Z15: 35.8 | AA15: 22.4 | AB15: 17.9 | AC15: 16.6 | AD15: 19.1 | AE15: 18.3 | AF15: 24.7 | AG15: 17 | AH15: 22.9 | AI15: 13.4 | AJ15: 37.9 | AK15: 34.3 | AL15: 21.6 | AM15: 36.5 | AN15: 19.4 | AO15: 16.9 | AP15: 17.2 | AQ15: 21.9 | AR15: 14.7 | AS15: 16.8 | AT15: 16.4 | AU15: 25 | AV15: 22.6 | AW15: 27.6 | AX15: =P15/$AF15 -> 0.46558704 | AY15: =Q15/$AF15 -> 1.0040486 | AZ15: =R15/$AF15 -> 0.75708502 | BA15: =S15/$AF15 -> 0.90283401 | BB15: =T15/$AF15 -> 0.83805668 | BC15: =U15/$AF15 -> 1.5222672 | BD15: =V15/$AF15 -> 1.3562753 | BE15: =W15/$AF15 -> 1.0040486 | ... BN15: =AF15/$AF15 -> 1 | BO15: =AG15/$AW15 -> 0.61594203 | BP15: =AH15/$AW15 -> 0.82971014 | BQ15: =AI15/$AW15 -> 0.48550725 | BR15: =AJ15/$AW15 -> 1.3731884 | BS15: =AK15/$AW15 -> 1.2427536 | BT15: =AL15/$AW15 -> 0.7826087 | BU15: =AM15/$AW15 -> 1.3224638 | BV15: =AN15/$AW15 -> 0.70289855 | ... CE15: =AW15/$AW15 -> 1 | CF15: =AX15*NF!B$6 -> 0.47658517 | CG15: =AY15*NF!C$6 -> 0.90288347 | CH15: =AZ15*NF!D$6 -> 0.68722524 | CI15: =BA15*NF!E$6 -> 0.75099568 | CJ15: =BB15*NF!F$6 -> 0.67426567 | CK15: =BC15*NF!G$6 -> 1.1309174 | CL15: =BD15*NF!H$6 -> 0.98207946 | CM15: =BE15*NF!I$6 -> 0.81486594 | ... DM15: =CE15*NF!AI$6 -> 1
A16: Low | B16: Q96NJ5 | C16: Kelch-like protein 32 OS=Homo sapiens OX=9606 GN=KLHL32 PE=2 SV=2 | D16: 0.256 | E16: 0.878 | F16: 2 | G16: 1 | H16: 1 | I16: 1 | J16: 620 | K16: 70.3 | L16: 6.42 | M16: 0 | N16: 1 | O16: 0 | AG16: 17.8 | AH16: 27.5 | AI16: 14.5 | AJ16: 22.4 | AK16: 20.9 | AL16: 15.5 | AM16: 14.6 | AN16: 15.6 | AO16: 15.1 | AP16: 15.3 | AQ16: 17.5 | AR16: 15 | AS16: 13.1 | AT16: 19.9 | AU16: 12.6 | AV16: 15.3 | AW16: 22.8 | AX16: 0 | AY16: 0 | AZ16: 0 | BA16: 0 | BB16: 0 | BC16: 0 | BD16: 0 | BE16: 0 | BF16: 0 | BG16: 0 | BH16: 0 | BI16: 0 | BJ16: 0 | BK16: 0 | BL16: 0 | BM16: 0 | BN16: 0 | BO16: =AG16/$AW16 -> 0.78070175 | BP16: =AH16/$AW16 -> 1.2061404 | BQ16: =AI16/$AW16 -> 0.63596491 | BR16: =AJ16/$AW16 -> 0.98245614 | BS16: =AK16/$AW16 -> 0.91666667 | BT16: =AL16/$AW16 -> 0.67982456 | BU16: =AM16/$AW16 -> 0.64035088 | BV16: =AN16/$AW16 -> 0.68421053 | ... CE16: =AW16/$AW16 -> 1 | CF16: =AX16*NF!B$6 -> 0 | CG16: =AY16*NF!C$6 -> 0 | CH16: =AZ16*NF!D$6 -> 0 | CI16: =BA16*NF!E$6 -> 0 | CJ16: =BB16*NF!F$6 -> 0 | CK16: =BC16*NF!G$6 -> 0 | CL16: =BD16*NF!H$6 -> 0 | CM16: =BE16*NF!I$6 -> 0 | ... DM16: =CE16*NF!AI$6 -> 1
A17: Low | B17: Q96QT4 | C17: Transient receptor potential cation channel subfamily M member 7 OS=Homo sapiens OX=9606 GN=TRPM7 PE=1 SV=1 | D17: 0.267 | E17: 0.842 | F17: 2 | G17: 1 | H17: 1 | I17: 1 | J17: 1865 | K17: 212.6 | L17: 7.88 | M17: 0 | N17: 1 | O17: 0 | AG17: 19.5 | AH17: 25.7 | AI17: 23.3 | AJ17: 18.1 | AK17: 32.8 | AL17: 23.1 | AM17: 29.4 | AN17: 25.7 | AO17: 17.4 | AP17: 29.1 | AQ17: 24.1 | AR17: 22.7 | AS17: 25.1 | AT17: 27.8 | AU17: 26 | AV17: 21.3 | AW17: 23.1 | AX17: 0 | AY17: 0 | AZ17: 0 | BA17: 0 | BB17: 0 | BC17: 0 | BD17: 0 | BE17: 0 | BF17: 0 | BG17: 0 | BH17: 0 | BI17: 0 | BJ17: 0 | BK17: 0 | BL17: 0 | BM17: 0 | BN17: 0 | BO17: =AG17/$AW17 -> 0.84415584 | BP17: =AH17/$AW17 -> 1.1125541 | BQ17: =AI17/$AW17 -> 1.008658 | BR17: =AJ17/$AW17 -> 0.78354978 | BS17: =AK17/$AW17 -> 1.4199134 | BT17: =AL17/$AW17 -> 1 | BU17: =AM17/$AW17 -> 1.2727273 | BV17: =AN17/$AW17 -> 1.1125541 | ... CE17: =AW17/$AW17 -> 1 | CF17: =AX17*NF!B$6 -> 0 | CG17: =AY17*NF!C$6 -> 0 | CH17: =AZ17*NF!D$6 -> 0 | CI17: =BA17*NF!E$6 -> 0 | CJ17: =BB17*NF!F$6 -> 0 | CK17: =BC17*NF!G$6 -> 0 | CL17: =BD17*NF!H$6 -> 0 | CM17: =BE17*NF!I$6 -> 0 | ... DM17: =CE17*NF!AI$6 -> 1
A18: Low | B18: Q6QNK2 | C18: Adhesion G-protein coupled receptor D1 OS=Homo sapiens OX=9606 GN=ADGRD1 PE=1 SV=1 | D18: 0.183 | E18: 1.171 | F18: 1 | G18: 1 | H18: 1 | I18: 1 | J18: 874 | K18: 96.5 | L18: 7.88 | M18: 1.74 | N18: 1 | O18: 0 | AG18: 20.5 | AH18: 23.4 | AI18: 22.7 | AJ18: 20.1 | AK18: 50 | AL18: 33.6 | AM18: 34 | AN18: 19.7 | AO18: 24.1 | AP18: 31.9 | AQ18: 20.6 | AR18: 18.2 | AS18: 24.2 | AT18: 15.1 | AU18: 23.7 | AV18: 22.2 | AW18: 18.8 | AX18: 0 | AY18: 0 | AZ18: 0 | BA18: 0 | BB18: 0 | BC18: 0 | BD18: 0 | BE18: 0 | BF18: 0 | BG18: 0 | BH18: 0 | BI18: 0 | BJ18: 0 | BK18: 0 | BL18: 0 | BM18: 0 | BN18: 0 | BO18: =AG18/$AW18 -> 1.0904255 | BP18: =AH18/$AW18 -> 1.2446809 | BQ18: =AI18/$AW18 -> 1.2074468 | BR18: =AJ18/$AW18 -> 1.0691489 | BS18: =AK18/$AW18 -> 2.6595745 | BT18: =AL18/$AW18 -> 1.787234 | BU18: =AM18/$AW18 -> 1.8085106 | BV18: =AN18/$AW18 -> 1.0478723 | ... CE18: =AW18/$AW18 -> 1 | CF18: =AX18*NF!B$6 -> 0 | CG18: =AY18*NF!C$6 -> 0 | CH18: =AZ18*NF!D$6 -> 0 | CI18: =BA18*NF!E$6 -> 0 | CJ18: =BB18*NF!F$6 -> 0 | CK18: =BC18*NF!G$6 -> 0 | CL18: =BD18*NF!H$6 -> 0 | CM18: =BE18*NF!I$6 -> 0 | ... DM18: =CE18*NF!AI$6 -> 1
A19: Low | B19: Q5TC84 | C19: Opioid growth factor receptor-like protein 1 OS=Homo sapiens OX=9606 GN=OGFRL1 PE=2 SV=1 | D19: 0.173 | E19: 1.201 | F19: 4 | G19: 1 | H19: 1 | I19: 1 | J19: 451 | K19: 51.2 | L19: 6.13 | M19: 0 | N19: 1 | O19: 0 | AG19: 20.5 | AH19: 30.7 | AI19: 24 | AJ19: 34.3 | AK19: 36.1 | AL19: 23.9 | AM19: 29.9 | AN19: 30.6 | AO19: 20.9 | AP19: 27.5 | AQ19: 25.1 | AR19: 23.1 | AS19: 26.5 | AT19: 26.7 | AU19: 30.8 | AV19: 25.1 | AW19: 33.1 | AX19: 0 | AY19: 0 | AZ19: 0 | BA19: 0 | BB19: 0 | BC19: 0 | BD19: 0 | BE19: 0 | BF19: 0 | BG19: 0 | BH19: 0 | BI19: 0 | BJ19: 0 | BK19: 0 | BL19: 0 | BM19: 0 | BN19: 0 | BO19: =AG19/$AW19 -> 0.61933535 | BP19: =AH19/$AW19 -> 0.92749245 | BQ19: =AI19/$AW19 -> 0.72507553 | BR19: =AJ19/$AW19 -> 1.0362538 | BS19: =AK19/$AW19 -> 1.0906344 | BT19: =AL19/$AW19 -> 0.72205438 | BU19: =AM19/$AW19 -> 0.90332326 | BV19: =AN19/$AW19 -> 0.9244713 | ... CE19: =AW19/$AW19 -> 1 | CF19: =AX19*NF!B$6 -> 0 | CG19: =AY19*NF!C$6 -> 0 | CH19: =AZ19*NF!D$6 -> 0 | CI19: =BA19*NF!E$6 -> 0 | CJ19: =BB19*NF!F$6 -> 0 | CK19: =BC19*NF!G$6 -> 0 | CL19: =BD19*NF!H$6 -> 0 | CM19: =BE19*NF!I$6 -> 0 | ... DM19: =CE19*NF!AI$6 -> 1
A20: Low | B20: Q8NF91 | C20: Nesprin-1 OS=Homo sapiens OX=9606 GN=SYNE1 PE=1 SV=4 | D20: 0.281 | E20: 0.794 | F20: 0 | G20: 1 | H20: 1 | I20: 1 | J20: 8797 | K20: 1010.5 | L20: 5.53 | M20: 0 | N20: 1 | O20: 0 | AG20: 20.8 | AH20: 25.7 | AI20: 14.1 | AJ20: 14.8 | AK20: 17.9 | AL20: 14 | AM20: 16.7 | AN20: 12.9 | AO20: 23.4 | AP20: 15.1 | AQ20: 16.5 | AR20: 22.1 | AS20: 18 | AT20: 23.9 | AU20: 19 | AV20: 11 | AW20: 18 | AX20: 0 | AY20: 0 | AZ20: 0 | BA20: 0 | BB20: 0 | BC20: 0 | BD20: 0 | BE20: 0 | BF20: 0 | BG20: 0 | BH20: 0 | BI20: 0 | BJ20: 0 | BK20: 0 | BL20: 0 | BM20: 0 | BN20: 0 | BO20: =AG20/$AW20 -> 1.1555556 | BP20: =AH20/$AW20 -> 1.4277778 | BQ20: =AI20/$AW20 -> 0.78333333 | BR20: =AJ20/$AW20 -> 0.82222222 | BS20: =AK20/$AW20 -> 0.99444444 | BT20: =AL20/$AW20 -> 0.77777778 | BU20: =AM20/$AW20 -> 0.92777778 | BV20: =AN20/$AW20 -> 0.71666667 | ... CE20: =AW20/$AW20 -> 1 | CF20: =AX20*NF!B$6 -> 0 | CG20: =AY20*NF!C$6 -> 0 | CH20: =AZ20*NF!D$6 -> 0 | CI20: =BA20*NF!E$6 -> 0 | CJ20: =BB20*NF!F$6 -> 0 | CK20: =BC20*NF!G$6 -> 0 | CL20: =BD20*NF!H$6 -> 0 | CM20: =BE20*NF!I$6 -> 0 | ... DM20: =CE20*NF!AI$6 -> 1
A21: Medium | B21: P17174 | C21: Aspartate aminotransferase, cytoplasmic OS=Homo sapiens OX=9606 GN=GOT1 PE=1 SV=3 | D21: 0.025 | E21: 3.003 | F21: 5 | G21: 1 | H21: 1 | I21: 1 | J21: 413 | K21: 46.2 | L21: 7.01 | M21: 2.33 | N21: 1 | O21: 0 | AG21: 21.4 | AH21: 23.7 | AI21: 19 | AJ21: 21.4 | AK21: 24.1 | AL21: 18.7 | AM21: 18.8 | AN21: 20.4 | AO21: 15 | AP21: 17.3 | AQ21: 21.2 | AR21: 15.9 | AS21: 19.8 | AT21: 16.6 | AU21: 16.9 | AV21: 20.9 | AW21: 12 | AX21: 0 | AY21: 0 | AZ21: 0 | BA21: 0 | BB21: 0 | BC21: 0 | BD21: 0 | BE21: 0 | BF21: 0 | BG21: 0 | BH21: 0 | BI21: 0 | BJ21: 0 | BK21: 0 | BL21: 0 | BM21: 0 | BN21: 0 | BO21: =AG21/$AW21 -> 1.7833333 | BP21: =AH21/$AW21 -> 1.975 | BQ21: =AI21/$AW21 -> 1.5833333 | BR21: =AJ21/$AW21 -> 1.7833333 | BS21: =AK21/$AW21 -> 2.0083333 | BT21: =AL21/$AW21 -> 1.5583333 | BU21: =AM21/$AW21 -> 1.5666667 | BV21: =AN21/$AW21 -> 1.7 | ... CE21: =AW21/$AW21 -> 1 | CF21: =AX21*NF!B$6 -> 0 | CG21: =AY21*NF!C$6 -> 0 | CH21: =AZ21*NF!D$6 -> 0 | CI21: =BA21*NF!E$6 -> 0 | CJ21: =BB21*NF!F$6 -> 0 | CK21: =BC21*NF!G$6 -> 0 | CL21: =BD21*NF!H$6 -> 0 | CM21: =BE21*NF!I$6 -> 0 | ... DM21: =CE21*NF!AI$6 -> 1
A22: Low | B22: Q8TBN0 | C22: Guanine nucleotide exchange factor for Rab-3A OS=Homo sapiens OX=9606 GN=RAB3IL1 PE=1 SV=1 | D22: 0.278 | E22: 0.804 | F22: 3 | G22: 1 | H22: 1 | I22: 1 | J22: 382 | K22: 42.6 | L22: 6.47 | M22: 0 | N22: 1 | O22: 0 | AG22: 21.6 | AH22: 24.6 | AI22: 24.2 | AJ22: 32.3 | AK22: 31.8 | AL22: 21.2 | AM22: 20.2 | AN22: 24.2 | AO22: 15.4 | AP22: 20.9 | AQ22: 18.7 | AR22: 16.6 | AS22: 22.2 | AT22: 16.9 | AU22: 16.2 | AV22: 21.8 | AW22: 16.5 | AX22: 0 | AY22: 0 | AZ22: 0 | BA22: 0 | BB22: 0 | BC22: 0 | BD22: 0 | BE22: 0 | BF22: 0 | BG22: 0 | BH22: 0 | BI22: 0 | BJ22: 0 | BK22: 0 | BL22: 0 | BM22: 0 | BN22: 0 | BO22: =AG22/$AW22 -> 1.3090909 | BP22: =AH22/$AW22 -> 1.4909091 | BQ22: =AI22/$AW22 -> 1.4666667 | BR22: =AJ22/$AW22 -> 1.9575758 | BS22: =AK22/$AW22 -> 1.9272727 | BT22: =AL22/$AW22 -> 1.2848485 | BU22: =AM22/$AW22 -> 1.2242424 | BV22: =AN22/$AW22 -> 1.4666667 | ... CE22: =AW22/$AW22 -> 1 | CF22: =AX22*NF!B$6 -> 0 | CG22: =AY22*NF!C$6 -> 0 | CH22: =AZ22*NF!D$6 -> 0 | CI22: =BA22*NF!E$6 -> 0 | CJ22: =BB22*NF!F$6 -> 0 | CK22: =BC22*NF!G$6 -> 0 | CL22: =BD22*NF!H$6 -> 0 | CM22: =BE22*NF!I$6 -> 0 | ... DM22: =CE22*NF!AI$6 -> 1
A23: Low | B23: Q9C0E2 | C23: Exportin-4 OS=Homo sapiens OX=9606 GN=XPO4 PE=1 SV=2 | D23: 0.184 | E23: 1.168 | F23: 1 | G23: 1 | H23: 1 | I23: 1 | J23: 1151 | K23: 130.1 | L23: 5.05 | M23: 0 | N23: 1 | O23: 0 | AG23: 21.7 | AH23: 15.7 | AI23: 17.1 | AJ23: 23.2 | AK23: 19.7 | AL23: 21 | AM23: 21.9 | AN23: 16 | AO23: 15.7 | AP23: 18.1 | AQ23: 14.4 | AR23: 14.5 | AS23: 14.6 | AT23: 13.9 | AU23: 12.3 | AV23: 14.5 | AW23: 12.2 | AX23: 0 | AY23: 0 | AZ23: 0 | BA23: 0 | BB23: 0 | BC23: 0 | BD23: 0 | BE23: 0 | BF23: 0 | BG23: 0 | BH23: 0 | BI23: 0 | BJ23: 0 | BK23: 0 | BL23: 0 | BM23: 0 | BN23: 0 | BO23: =AG23/$AW23 -> 1.7786885 | BP23: =AH23/$AW23 -> 1.2868852 | BQ23: =AI23/$AW23 -> 1.4016393 | BR23: =AJ23/$AW23 -> 1.9016393 | BS23: =AK23/$AW23 -> 1.6147541 | BT23: =AL23/$AW23 -> 1.7213115 | BU23: =AM23/$AW23 -> 1.795082 | BV23: =AN23/$AW23 -> 1.3114754 | ... CE23: =AW23/$AW23 -> 1 | CF23: =AX23*NF!B$6 -> 0 | CG23: =AY23*NF!C$6 -> 0 | CH23: =AZ23*NF!D$6 -> 0 | CI23: =BA23*NF!E$6 -> 0 | CJ23: =BB23*NF!F$6 -> 0 | CK23: =BC23*NF!G$6 -> 0 | CL23: =BD23*NF!H$6 -> 0 | CM23: =BE23*NF!I$6 -> 0 | ... DM23: =CE23*NF!AI$6 -> 1
A24: Low | B24: Q9UK05 | C24: Growth/differentiation factor 2 OS=Homo sapiens OX=9606 GN=GDF2 PE=1 SV=1 | D24: 0.172 | E24: 1.214 | F24: 2 | G24: 1 | H24: 1 | I24: 1 | J24: 429 | K24: 47.3 | L24: 6.48 | M24: 0 | N24: 1 | O24: 0 | AG24: 21.7 | AH24: 21.2 | AI24: 27.4 | AJ24: 23.2 | AK24: 31.6 | AL24: 32.7 | AM24: 33 | AN24: 28.5 | AO24: 25.7 | AP24: 38.6 | AQ24: 31.7 | AR24: 26.4 | AS24: 32.4 | AT24: 22.2 | AU24: 27.8 | AV24: 27.4 | AW24: 24.5 | AX24: 0 | AY24: 0 | AZ24: 0 | BA24: 0 | BB24: 0 | BC24: 0 | BD24: 0 | BE24: 0 | BF24: 0 | BG24: 0 | BH24: 0 | BI24: 0 | BJ24: 0 | BK24: 0 | BL24: 0 | BM24: 0 | BN24: 0 | BO24: =AG24/$AW24 -> 0.88571429 | BP24: =AH24/$AW24 -> 0.86530612 | BQ24: =AI24/$AW24 -> 1.1183673 | BR24: =AJ24/$AW24 -> 0.94693878 | BS24: =AK24/$AW24 -> 1.2897959 | BT24: =AL24/$AW24 -> 1.3346939 | BU24: =AM24/$AW24 -> 1.3469388 | BV24: =AN24/$AW24 -> 1.1632653 | ... CE24: =AW24/$AW24 -> 1 | CF24: =AX24*NF!B$6 -> 0 | CG24: =AY24*NF!C$6 -> 0 | CH24: =AZ24*NF!D$6 -> 0 | CI24: =BA24*NF!E$6 -> 0 | CJ24: =BB24*NF!F$6 -> 0 | CK24: =BC24*NF!G$6 -> 0 | CL24: =BD24*NF!H$6 -> 0 | CM24: =BE24*NF!I$6 -> 0 | ... DM24: =CE24*NF!AI$6 -> 1
A25: Low | B25: Q9NYZ4 | C25: Sialic acid-binding Ig-like lectin 8 OS=Homo sapiens OX=9606 GN=SIGLEC8 PE=1 SV=2 | D25: 0.267 | E25: 0.834 | F25: 3 | G25: 1 | H25: 2 | I25: 1 | J25: 499 | K25: 54 | L25: 8.09 | M25: 0 | N25: 1 | O25: 0 | P25: 10.3 | Q25: 11.8 | R25: 8.8 | S25: 7.5 | T25: 8.2 | U25: 9.3 | V25: 12.5 | W25: 12.9 | X25: 12.5 | Y25: 11.8 | Z25: 11.7 | AA25: 10.3 | AB25: 9.2 | AC25: 10.9 | AD25: 9.6 | AE25: 8.3 | AF25: 11.7 | AG25: 22.1 | AH25: 16 | AI25: 18.6 | AJ25: 23.4 | AK25: 31.5 | AL25: 20.2 | AM25: 42.3 | AN25: 19.4 | AO25: 22.2 | AP25: 29.7 | AQ25: 18.9 | AR25: 19.6 | AS25: 18.8 | AT25: 16.4 | AU25: 14.5 | AV25: 18.9 | AW25: 24.8 | AX25: =P25/$AF25 -> 0.88034188 | AY25: =Q25/$AF25 -> 1.008547 | AZ25: =R25/$AF25 -> 0.75213675 | BA25: =S25/$AF25 -> 0.64102564 | BB25: =T25/$AF25 -> 0.7008547 | BC25: =U25/$AF25 -> 0.79487179 | BD25: =V25/$AF25 -> 1.0683761 | BE25: =W25/$AF25 -> 1.1025641 | ... BN25: =AF25/$AF25 -> 1 | BO25: =AG25/$AW25 -> 0.89112903 | BP25: =AH25/$AW25 -> 0.64516129 | BQ25: =AI25/$AW25 -> 0.75 | BR25: =AJ25/$AW25 -> 0.94354839 | BS25: =AK25/$AW25 -> 1.2701613 | BT25: =AL25/$AW25 -> 0.81451613 | BU25: =AM25/$AW25 -> 1.7056452 | BV25: =AN25/$AW25 -> 0.78225806 | ... CE25: =AW25/$AW25 -> 1 | CF25: =AX25*NF!B$6 -> 0.90113737 | CG25: =AY25*NF!C$6 -> 0.90692865 | CH25: =AZ25*NF!D$6 -> 0.68273357 | CI25: =BA25*NF!E$6 -> 0.53321816 | CJ25: =BB25*NF!F$6 -> 0.56387865 | CK25: =BC25*NF!G$6 -> 0.59052337 | CL25: =BD25*NF!H$6 -> 0.77361151 | CM25: =BE25*NF!I$6 -> 0.89481918 | ... DM25: =CE25*NF!AI$6 -> 1
A26: Low | B26: P98164 | C26: Low-density lipoprotein receptor-related protein 2 OS=Homo sapiens OX=9606 GN=LRP2 PE=1 SV=3 | D26: 0.264 | E26: 0.859 | F26: 0 | G26: 1 | H26: 1 | I26: 1 | J26: 4655 | K26: 521.6 | L26: 5.08 | M26: 0 | N26: 1 | O26: 0 | AG26: 22.6 | AH26: 28.4 | AI26: 14.6 | AJ26: 23.6 | AK26: 29 | AL26: 20.2 | AM26: 26.4 | AN26: 22.2 | AO26: 21.3 | AP26: 22 | AQ26: 17.5 | AR26: 11.4 | AS26: 18.2 | AT26: 20 | AU26: 26.4 | AV26: 17 | AW26: 24 | AX26: 0 | AY26: 0 | AZ26: 0 | BA26: 0 | BB26: 0 | BC26: 0 | BD26: 0 | BE26: 0 | BF26: 0 | BG26: 0 | BH26: 0 | BI26: 0 | BJ26: 0 | BK26: 0 | BL26: 0 | BM26: 0 | BN26: 0 | BO26: =AG26/$AW26 -> 0.94166667 | BP26: =AH26/$AW26 -> 1.1833333 | BQ26: =AI26/$AW26 -> 0.60833333 | BR26: =AJ26/$AW26 -> 0.98333333 | BS26: =AK26/$AW26 -> 1.2083333 | BT26: =AL26/$AW26 -> 0.84166667 | BU26: =AM26/$AW26 -> 1.1 | BV26: =AN26/$AW26 -> 0.925 | ... CE26: =AW26/$AW26 -> 1 | CF26: =AX26*NF!B$6 -> 0 | CG26: =AY26*NF!C$6 -> 0 | CH26: =AZ26*NF!D$6 -> 0 | CI26: =BA26*NF!E$6 -> 0 | CJ26: =BB26*NF!F$6 -> 0 | CK26: =BC26*NF!G$6 -> 0 | CL26: =BD26*NF!H$6 -> 0 | CM26: =BE26*NF!I$6 -> 0 | ... DM26: =CE26*NF!AI$6 -> 1
A27: Medium | B27: A0A0C4DH38 | C27: Immunoglobulin heavy variable 5-51 OS=Homo sapiens OX=9606 GN=IGHV5-51 PE=3 SV=1 | D27: 0.011 | E27: 4.036 | F27: 14 | G27: 1 | H27: 1 | I27: 1 | J27: 117 | K27: 12.7 | L27: 8.27 | M27: 2.47 | N27: 1 | O27: 0 | AG27: 22.9 | AH27: 28.7 | AI27: 25.9 | AJ27: 29.2 | AK27: 30.3 | AL27: 29.9 | AM27: 35.9 | AN27: 22.7 | AO27: 22.6 | AP27: 21.8 | AQ27: 18.4 | AR27: 21.5 | AS27: 20.8 | AT27: 22.6 | AU27: 19.7 | AV27: 27.1 | AW27: 26.7 | AX27: 0 | AY27: 0 | AZ27: 0 | BA27: 0 | BB27: 0 | BC27: 0 | BD27: 0 | BE27: 0 | BF27: 0 | BG27: 0 | BH27: 0 | BI27: 0 | BJ27: 0 | BK27: 0 | BL27: 0 | BM27: 0 | BN27: 0 | BO27: =AG27/$AW27 -> 0.8576779 | BP27: =AH27/$AW27 -> 1.0749064 | BQ27: =AI27/$AW27 -> 0.97003745 | BR27: =AJ27/$AW27 -> 1.093633 | BS27: =AK27/$AW27 -> 1.1348315 | BT27: =AL27/$AW27 -> 1.1198502 | BU27: =AM27/$AW27 -> 1.3445693 | BV27: =AN27/$AW27 -> 0.85018727 | ... CE27: =AW27/$AW27 -> 1 | CF27: =AX27*NF!B$6 -> 0 | CG27: =AY27*NF!C$6 -> 0 | CH27: =AZ27*NF!D$6 -> 0 | CI27: =BA27*NF!E$6 -> 0 | CJ27: =BB27*NF!F$6 -> 0 | CK27: =BC27*NF!G$6 -> 0 | CL27: =BD27*NF!H$6 -> 0 | CM27: =BE27*NF!I$6 -> 0 | ... DM27: =CE27*NF!AI$6 -> 1
A28: Medium | B28: Q15262 | C28: Receptor-type tyrosine-protein phosphatase kappa OS=Homo sapiens OX=9606 GN=PTPRK PE=1 SV=2 | D28: 0.018 | E28: 3.506 | F28: 1 | G28: 1 | H28: 1 | I28: 1 | J28: 1439 | K28: 162 | L28: 5.9 | M28: 2.45 | N28: 1 | O28: 0 | AG28: 23.3 | AH28: 27.5 | AI28: 21.6 | AJ28: 24.3 | AK28: 28.5 | AL28: 19.1 | AM28: 27.6 | AN28: 22.6 | AO28: 16.9 | AP28: 27.7 | AQ28: 20.1 | AR28: 18.1 | AS28: 19.3 | AT28: 18.3 | AU28: 17.7 | AV28: 16 | AW28: 25.7 | AX28: 0 | AY28: 0 | AZ28: 0 | BA28: 0 | BB28: 0 | BC28: 0 | BD28: 0 | BE28: 0 | BF28: 0 | BG28: 0 | BH28: 0 | BI28: 0 | BJ28: 0 | BK28: 0 | BL28: 0 | BM28: 0 | BN28: 0 | BO28: =AG28/$AW28 -> 0.90661479 | BP28: =AH28/$AW28 -> 1.0700389 | BQ28: =AI28/$AW28 -> 0.84046693 | BR28: =AJ28/$AW28 -> 0.94552529 | BS28: =AK28/$AW28 -> 1.1089494 | BT28: =AL28/$AW28 -> 0.74319066 | BU28: =AM28/$AW28 -> 1.07393 | BV28: =AN28/$AW28 -> 0.87937743 | ... CE28: =AW28/$AW28 -> 1 | CF28: =AX28*NF!B$6 -> 0 | CG28: =AY28*NF!C$6 -> 0 | CH28: =AZ28*NF!D$6 -> 0 | CI28: =BA28*NF!E$6 -> 0 | CJ28: =BB28*NF!F$6 -> 0 | CK28: =BC28*NF!G$6 -> 0 | CL28: =BD28*NF!H$6 -> 0 | CM28: =BE28*NF!I$6 -> 0 | ... DM28: =CE28*NF!AI$6 -> 1
A29: Low | B29: Q9NYT6 | C29: Zinc finger protein 226 OS=Homo sapiens OX=9606 GN=ZNF226 PE=2 SV=2 | D29: 0.283 | E29: 0.789 | F29: 2 | G29: 1 | H29: 1 | I29: 1 | J29: 803 | K29: 91.9 | L29: 8.7 | M29: 0 | N29: 1 | O29: 0 | AG29: 23.8 | AH29: 22.6 | AI29: 24.1 | AJ29: 25.9 | AK29: 26.2 | AL29: 27.1 | AM29: 32.8 | AN29: 28.7 | AO29: 23.4 | AP29: 23.6 | AQ29: 24.8 | AR29: 25.9 | AS29: 20.9 | AT29: 22.9 | AU29: 26 | AV29: 25.9 | AW29: 19 | AX29: 0 | AY29: 0 | AZ29: 0 | BA29: 0 | BB29: 0 | BC29: 0 | BD29: 0 | BE29: 0 | BF29: 0 | BG29: 0 | BH29: 0 | BI29: 0 | BJ29: 0 | BK29: 0 | BL29: 0 | BM29: 0 | BN29: 0 | BO29: =AG29/$AW29 -> 1.2526316 | BP29: =AH29/$AW29 -> 1.1894737 | BQ29: =AI29/$AW29 -> 1.2684211 | BR29: =AJ29/$AW29 -> 1.3631579 | BS29: =AK29/$AW29 -> 1.3789474 | BT29: =AL29/$AW29 -> 1.4263158 | BU29: =AM29/$AW29 -> 1.7263158 | BV29: =AN29/$AW29 -> 1.5105263 | ... CE29: =AW29/$AW29 -> 1 | CF29: =AX29*NF!B$6 -> 0 | CG29: =AY29*NF!C$6 -> 0 | CH29: =AZ29*NF!D$6 -> 0 | CI29: =BA29*NF!E$6 -> 0 | CJ29: =BB29*NF!F$6 -> 0 | CK29: =BC29*NF!G$6 -> 0 | CL29: =BD29*NF!H$6 -> 0 | CM29: =BE29*NF!I$6 -> 0 | ... DM29: =CE29*NF!AI$6 -> 1
A30: Low | B30: Q6P1M3 | C30: LLGL scribble cell polarity complex component 2 OS=Homo sapiens OX=9606 GN=LLGL2 PE=1 SV=2 | D30: 0.26 | E30: 0.871 | F30: 1 | G30: 1 | H30: 1 | I30: 1 | J30: 1020 | K30: 113.4 | L30: 7.52 | M30: 0 | N30: 1 | O30: 0 | AG30: 24.4 | AH30: 35.9 | AI30: 26 | AJ30: 47.4 | AK30: 37 | AL30: 28.2 | AM30: 31.8 | AN30: 34.7 | AO30: 31.9 | AP30: 32 | AQ30: 30.2 | AR30: 31.5 | AS30: 25.8 | AT30: 30.4 | AU30: 32.4 | AV30: 34.3 | AW30: 30.1 | AX30: 0 | AY30: 0 | AZ30: 0 | BA30: 0 | BB30: 0 | BC30: 0 | BD30: 0 | BE30: 0 | BF30: 0 | BG30: 0 | BH30: 0 | BI30: 0 | BJ30: 0 | BK30: 0 | BL30: 0 | BM30: 0 | BN30: 0 | BO30: =AG30/$AW30 -> 0.81063123 | BP30: =AH30/$AW30 -> 1.192691 | BQ30: =AI30/$AW30 -> 0.86378738 | BR30: =AJ30/$AW30 -> 1.5747508 | BS30: =AK30/$AW30 -> 1.2292359 | BT30: =AL30/$AW30 -> 0.93687708 | BU30: =AM30/$AW30 -> 1.0564784 | BV30: =AN30/$AW30 -> 1.1528239 | ... CE30: =AW30/$AW30 -> 1 | CF30: =AX30*NF!B$6 -> 0 | CG30: =AY30*NF!C$6 -> 0 | CH30: =AZ30*NF!D$6 -> 0 | CI30: =BA30*NF!E$6 -> 0 | CJ30: =BB30*NF!F$6 -> 0 | CK30: =BC30*NF!G$6 -> 0 | CL30: =BD30*NF!H$6 -> 0 | CM30: =BE30*NF!I$6 -> 0 | ... DM30: =CE30*NF!AI$6 -> 1
A31: Low | B31: Q13873 | C31: Bone morphogenetic protein receptor type-2 OS=Homo sapiens OX=9606 GN=BMPR2 PE=1 SV=2 | D31: 0.134 | E31: 1.463 | F31: 1 | G31: 1 | H31: 1 | I31: 1 | J31: 1038 | K31: 115.1 | L31: 6.2 | M31: 0 | N31: 1 | O31: 0 | AG31: 24.5 | AH31: 109.5 | AI31: 14.1 | AJ31: 89.6 | AK31: 38.2 | AL31: 80.4 | AM31: 61.3 | AN31: 23 | AO31: 26 | AP31: 55.9 | AQ31: 13.7 | AR31: 21 | AS31: 12.8 | AT31: 29.1 | AU31: 14.6 | AV31: 30.8 | AW31: 20.7 | AX31: 0 | AY31: 0 | AZ31: 0 | BA31: 0 | BB31: 0 | BC31: 0 | BD31: 0 | BE31: 0 | BF31: 0 | BG31: 0 | BH31: 0 | BI31: 0 | BJ31: 0 | BK31: 0 | BL31: 0 | BM31: 0 | BN31: 0 | BO31: =AG31/$AW31 -> 1.1835749 | BP31: =AH31/$AW31 -> 5.2898551 | BQ31: =AI31/$AW31 -> 0.68115942 | BR31: =AJ31/$AW31 -> 4.3285024 | BS31: =AK31/$AW31 -> 1.8454106 | BT31: =AL31/$AW31 -> 3.884058 | BU31: =AM31/$AW31 -> 2.9613527 | BV31: =AN31/$AW31 -> 1.1111111 | ... CE31: =AW31/$AW31 -> 1 | CF31: =AX31*NF!B$6 -> 0 | CG31: =AY31*NF!C$6 -> 0 | CH31: =AZ31*NF!D$6 -> 0 | CI31: =BA31*NF!E$6 -> 0 | CJ31: =BB31*NF!F$6 -> 0 | CK31: =BC31*NF!G$6 -> 0 | CL31: =BD31*NF!H$6 -> 0 | CM31: =BE31*NF!I$6 -> 0 | ... DM31: =CE31*NF!AI$6 -> 1
A32: Low | B32: O60879 | C32: Protein diaphanous homolog 2 OS=Homo sapiens OX=9606 GN=DIAPH2 PE=1 SV=1 | D32: 0.287 | E32: 0.769 | F32: 1 | G32: 1 | H32: 1 | I32: 1 | J32: 1101 | K32: 125.5 | L32: 6.58 | M32: 0 | N32: 1 | O32: 0 | AG32: 24.5 | AH32: 30.8 | AI32: 38.6 | AJ32: 51.2 | AK32: 77.4 | AL32: 31.2 | AM32: 51.5 | AN32: 26.5 | AO32: 22.1 | AP32: 41.3 | AQ32: 40.4 | AR32: 29.9 | AS32: 31.9 | AT32: 18.6 | AU32: 37.4 | AV32: 37.3 | AW32: 27 | AX32: 0 | AY32: 0 | AZ32: 0 | BA32: 0 | BB32: 0 | BC32: 0 | BD32: 0 | BE32: 0 | BF32: 0 | BG32: 0 | BH32: 0 | BI32: 0 | BJ32: 0 | BK32: 0 | BL32: 0 | BM32: 0 | BN32: 0 | BO32: =AG32/$AW32 -> 0.90740741 | BP32: =AH32/$AW32 -> 1.1407407 | BQ32: =AI32/$AW32 -> 1.4296296 | BR32: =AJ32/$AW32 -> 1.8962963 | BS32: =AK32/$AW32 -> 2.8666667 | BT32: =AL32/$AW32 -> 1.1555556 | BU32: =AM32/$AW32 -> 1.9074074 | BV32: =AN32/$AW32 -> 0.98148148 | ... CE32: =AW32/$AW32 -> 1 | CF32: =AX32*NF!B$6 -> 0 | CG32: =AY32*NF!C$6 -> 0 | CH32: =AZ32*NF!D$6 -> 0 | CI32: =BA32*NF!E$6 -> 0 | CJ32: =BB32*NF!F$6 -> 0 | CK32: =BC32*NF!G$6 -> 0 | CL32: =BD32*NF!H$6 -> 0 | CM32: =BE32*NF!I$6 -> 0 | ... DM32: =CE32*NF!AI$6 -> 1
A33: Medium | B33: Q99674 | C33: Cell growth regulator with EF hand domain protein 1 OS=Homo sapiens OX=9606 GN=CGREF1 PE=2 SV=3 | D33: 0.024 | E33: 3.061 | F33: 3 | G33: 1 | H33: 3 | I33: 1 | J33: 318 | K33: 33.4 | L33: 4.39 | M33: 4.74 | N33: 1 | O33: 0 | P33: 23.8 | Q33: 34.3 | R33: 41.5 | S33: 33.2 | T33: 33.3 | U33: 53.8 | V33: 87 | W33: 32.3 | X33: 39.9 | Y33: 20.9 | Z33: 26.7 | AA33: 31.9 | AB33: 22.5 | AC33: 28.1 | AD33: 53 | AE33: 35.1 | AF33: 53.8 | AG33: 24.6 | AH33: 47 | AI33: 42.4 | AJ33: 45.1 | AK33: 34.9 | AL33: 33.2 | AM33: 30.2 | AN33: 22.6 | AO33: 26.5 | AP33: 60 | AQ33: 18.9 | AR33: 25.5 | AS33: 27.7 | AT33: 24.8 | AU33: 35.7 | AV33: 36.9 | AW33: 32.2 | AX33: =P33/$AF33 -> 0.44237918 | AY33: =Q33/$AF33 -> 0.63754647 | AZ33: =R33/$AF33 -> 0.77137546 | BA33: =S33/$AF33 -> 0.61710037 | BB33: =T33/$AF33 -> 0.61895911 | BC33: =U33/$AF33 -> 1 | BD33: =V33/$AF33 -> 1.6171004 | BE33: =W33/$AF33 -> 0.60037175 | ... BN33: =AF33/$AF33 -> 1 | BO33: =AG33/$AW33 -> 0.76397516 | BP33: =AH33/$AW33 -> 1.4596273 | BQ33: =AI33/$AW33 -> 1.3167702 | BR33: =AJ33/$AW33 -> 1.4006211 | BS33: =AK33/$AW33 -> 1.0838509 | BT33: =AL33/$AW33 -> 1.0310559 | BU33: =AM33/$AW33 -> 0.9378882 | BV33: =AN33/$AW33 -> 0.70186335 | ... CE33: =AW33/$AW33 -> 1 | CF33: =AX33*NF!B$6 -> 0.45282909 | CG33: =AY33*NF!C$6 -> 0.57330908 | CH33: =AZ33*NF!D$6 -> 0.70019704 | CI33: =BA33*NF!E$6 -> 0.51331664 | CJ33: =BB33*NF!F$6 -> 0.49798885 | CK33: =BC33*NF!G$6 -> 0.7429165 | CL33: =BD33*NF!H$6 -> 1.170943 | CM33: =BE33*NF!I$6 -> 0.48724981 | ... DM33: =CE33*NF!AI$6 -> 1
A34: High | B34: P14923 | C34: Junction plakoglobin OS=Homo sapiens OX=9606 GN=JUP PE=1 SV=3 | D34: 0 | E34: 9.77 | F34: 4 | G34: 3 | H34: 6 | I34: 3 | J34: 745 | K34: 81.7 | L34: 6.14 | M34: 10.52 | N34: 3 | O34: 0 | P34: 139.6 | Q34: 177.8 | R34: 168.1 | S34: 132.1 | T34: 252.1 | U34: 126.9 | V34: 143.5 | W34: 134.7 | X34: 271.4 | Y34: 130.4 | Z34: 148.9 | AA34: 129.2 | AB34: 234.9 | AC34: 264.6 | AD34: 228.2 | AE34: 181 | AF34: 226.1 | AG34: 24.8 | AH34: 33.9 | AI34: 31.5 | AJ34: 66.1 | AK34: 139.8 | AL34: 21.1 | AM34: 46.9 | AN34: 62.4 | AO34: 41.1 | AP34: 20.1 | AQ34: 12 | AR34: 22 | AS34: 14 | AT34: 22 | AU34: 28.5 | AV34: 28.8 | AW34: 14.4 | AX34: =P34/$AF34 -> 0.61742592 | AY34: =Q34/$AF34 -> 0.78637771 | AZ34: =R34/$AF34 -> 0.74347634 | BA34: =S34/$AF34 -> 0.58425475 | BB34: =T34/$AF34 -> 1.1149934 | BC34: =U34/$AF34 -> 0.56125608 | BD34: =V34/$AF34 -> 0.63467492 | BE34: =W34/$AF34 -> 0.59575409 | ... BN34: =AF34/$AF34 -> 1 | BO34: =AG34/$AW34 -> 1.7222222 | BP34: =AH34/$AW34 -> 2.3541667 | BQ34: =AI34/$AW34 -> 2.1875 | BR34: =AJ34/$AW34 -> 4.5902778 | BS34: =AK34/$AW34 -> 9.7083333 | BT34: =AL34/$AW34 -> 1.4652778 | BU34: =AM34/$AW34 -> 3.2569444 | BV34: =AN34/$AW34 -> 4.3333333 | ... CE34: =AW34/$AW34 -> 1 | CF34: =AX34*NF!B$6 -> 0.63201079 | CG34: =AY34*NF!C$6 -> 0.7071445 | CH34: =AZ34*NF!D$6 -> 0.67487229 | CI34: =BA34*NF!E$6 -> 0.48599498 | CJ34: =BB34*NF!F$6 -> 0.89707745 | CK34: =BC34*NF!G$6 -> 0.4169664 | CL34: =BD34*NF!H$6 -> 0.45956835 | CM34: =BE34*NF!I$6 -> 0.48350222 | ... DM34: =CE34*NF!AI$6 -> 1
A35: High | B35: P52209 | C35: 6-phosphogluconate dehydrogenase, decarboxylating OS=Homo sapiens OX=9606 GN=PGD PE=1 SV=3 | D35: 0.008 | E35: 4.294 | F35: 6 | G35: 2 | H35: 2 | I35: 2 | J35: 483 | K35: 53.1 | L35: 7.23 | M35: 2.42 | N35: 2 | O35: 0 | P35: 10.5 | Q35: 22.6 | R35: 23.3 | S35: 17.6 | T35: 19.7 | U35: 20 | V35: 24.9 | W35: 28 | X35: 27.5 | Y35: 29.8 | Z35: 33.4 | AA35: 21.5 | AB35: 21.7 | AC35: 30.7 | AD35: 17.2 | AE35: 20.5 | AF35: 19.9 | AG35: 25.1 | AH35: 24.9 | AI35: 26.3 | AJ35: 24.9 | AK35: 30.1 | AL35: 30 | AM35: 36.1 | AN35: 30.8 | AO35: 21.1 | AP35: 35.2 | AQ35: 29.4 | AR35: 27.6 | AS35: 23.9 | AT35: 28.7 | AU35: 27.6 | AV35: 26.4 | AW35: 22.2 | AX35: =P35/$AF35 -> 0.52763819 | AY35: =Q35/$AF35 -> 1.1356784 | AZ35: =R35/$AF35 -> 1.1708543 | BA35: =S35/$AF35 -> 0.88442211 | BB35: =T35/$AF35 -> 0.98994975 | BC35: =U35/$AF35 -> 1.0050251 | BD35: =V35/$AF35 -> 1.2512563 | BE35: =W35/$AF35 -> 1.4070352 | ... BN35: =AF35/$AF35 -> 1 | BO35: =AG35/$AW35 -> 1.1306306 | BP35: =AH35/$AW35 -> 1.1216216 | BQ35: =AI35/$AW35 -> 1.1846847 | BR35: =AJ35/$AW35 -> 1.1216216 | BS35: =AK35/$AW35 -> 1.3558559 | BT35: =AL35/$AW35 -> 1.3513514 | BU35: =AM35/$AW35 -> 1.6261261 | BV35: =AN35/$AW35 -> 1.3873874 | ... CE35: =AW35/$AW35 -> 1 | CF35: =AX35*NF!B$6 -> 0.54010209 | CG35: =AY35*NF!C$6 -> 1.0212506 | CH35: =AZ35*NF!D$6 -> 1.0628141 | CI35: =BA35*NF!E$6 -> 0.73568029 | CJ35: =BB35*NF!F$6 -> 0.79647254 | CK35: =BC35*NF!G$6 -> 0.74664974 | CL35: =BD35*NF!H$6 -> 0.90603514 | CM35: =BE35*NF!I$6 -> 1.1419219 | ... DM35: =CE35*NF!AI$6 -> 1
A36: Low | B36: O00519 | C36: Fatty-acid amide hydrolase 1 OS=Homo sapiens OX=9606 GN=FAAH PE=1 SV=2 | D36: 0.257 | E36: 0.876 | F36: 2 | G36: 1 | H36: 4 | I36: 1 | J36: 579 | K36: 63 | L36: 7.66 | M36: 0 | N36: 1 | O36: 0 | P36: 18.4 | Q36: 24.6 | R36: 36.1 | S36: 32.4 | T36: 24.7 | U36: 23.3 | V36: 26.8 | W36: 15.7 | X36: 48.6 | Y36: 23.1 | Z36: 44.4 | AA36: 14 | AB36: 24.2 | AC36: 20.3 | AD36: 16.1 | AE36: 28.8 | AF36: 27.2 | AG36: 25.6 | AH36: 48.7 | AI36: 40.9 | AJ36: 86.6 | AK36: 88.7 | AL36: 43.7 | AM36: 74.2 | AN36: 37.4 | AO36: 37.1 | AP36: 50.4 | AQ36: 32.3 | AR36: 26.1 | AS36: 40 | AT36: 35.7 | AU36: 49 | AV36: 56.4 | AW36: 49.2 | AX36: =P36/$AF36 -> 0.67647059 | AY36: =Q36/$AF36 -> 0.90441176 | AZ36: =R36/$AF36 -> 1.3272059 | BA36: =S36/$AF36 -> 1.1911765 | BB36: =T36/$AF36 -> 0.90808824 | BC36: =U36/$AF36 -> 0.85661765 | BD36: =V36/$AF36 -> 0.98529412 | BE36: =W36/$AF36 -> 0.57720588 | ... BN36: =AF36/$AF36 -> 1 | BO36: =AG36/$AW36 -> 0.5203252 | BP36: =AH36/$AW36 -> 0.9898374 | BQ36: =AI36/$AW36 -> 0.83130081 | BR36: =AJ36/$AW36 -> 1.7601626 | BS36: =AK36/$AW36 -> 1.8028455 | BT36: =AL36/$AW36 -> 0.88821138 | BU36: =AM36/$AW36 -> 1.5081301 | BV36: =AN36/$AW36 -> 0.7601626 | ... CE36: =AW36/$AW36 -> 1 | CF36: =AX36*NF!B$6 -> 0.69245022 | CG36: =AY36*NF!C$6 -> 0.81328578 | CH36: =AZ36*NF!D$6 -> 1.2047384 | CI36: =BA36*NF!E$6 -> 0.99084481 | CJ36: =BB36*NF!F$6 -> 0.73061016 | CK36: =BC36*NF!G$6 -> 0.63639538 | CL36: =BD36*NF!H$6 -> 0.71345184 | CM36: =BE36*NF!I$6 -> 0.46844886 | ... DM36: =CE36*NF!AI$6 -> 1
A37: Low | B37: Q92626 | C37: Peroxidasin homolog OS=Homo sapiens OX=9606 GN=PXDN PE=1 SV=2 | D37: 0.135 | E37: 1.45 | F37: 1 | G37: 1 | H37: 3 | I37: 1 | J37: 1479 | K37: 165.2 | L37: 7.17 | M37: 0 | N37: 1 | O37: 0 | P37: 22.6 | Q37: 21.2 | R37: 23.1 | S37: 40.5 | T37: 26 | U37: 33.6 | V37: 39.7 | W37: 26.1 | X37: 32.7 | Y37: 21.4 | Z37: 58.2 | AA37: 25.9 | AB37: 24 | AC37: 21.7 | AD37: 19 | AE37: 27.6 | AF37: 23.4 | AG37: 25.9 | AH37: 40 | AI37: 20 | AJ37: 40.8 | AK37: 65.2 | AL37: 27.3 | AM37: 39.6 | AN37: 30.5 | AO37: 30.4 | AP37: 29.9 | AQ37: 27.7 | AR37: 20.7 | AS37: 26.2 | AT37: 21.6 | AU37: 21.9 | AV37: 29.5 | AW37: 28 | AX37: =P37/$AF37 -> 0.96581197 | AY37: =Q37/$AF37 -> 0.90598291 | AZ37: =R37/$AF37 -> 0.98717949 | BA37: =S37/$AF37 -> 1.7307692 | BB37: =T37/$AF37 -> 1.1111111 | BC37: =U37/$AF37 -> 1.4358974 | BD37: =V37/$AF37 -> 1.6965812 | BE37: =W37/$AF37 -> 1.1153846 | ... BN37: =AF37/$AF37 -> 1 | BO37: =AG37/$AW37 -> 0.925 | BP37: =AH37/$AW37 -> 1.4285714 | BQ37: =AI37/$AW37 -> 0.71428571 | BR37: =AJ37/$AW37 -> 1.4571429 | BS37: =AK37/$AW37 -> 2.3285714 | BT37: =AL37/$AW37 -> 0.975 | BU37: =AM37/$AW37 -> 1.4142857 | BV37: =AN37/$AW37 -> 1.0892857 | ... CE37: =AW37/$AW37 -> 1 | CF37: =AX37*NF!B$6 -> 0.98862643 | CG37: =AY37*NF!C$6 -> 0.81469862 | CH37: =AZ37*NF!D$6 -> 0.89608781 | CI37: =BA37*NF!E$6 -> 1.439689 | CJ37: =BB37*NF!F$6 -> 0.89395395 | CK37: =BC37*NF!G$6 -> 1.0667519 | CL37: =BD37*NF!H$6 -> 1.2284951 | CM37: =BE37*NF!I$6 -> 0.90522405 | ... DM37: =CE37*NF!AI$6 -> 1
A38: Low | B38: Q86TZ1 | C38: Tetratricopeptide repeat protein 6 OS=Homo sapiens OX=9606 GN=TTC6 PE=2 SV=1 | D38: 0.253 | E38: 0.885 | F38: 2 | G38: 1 | H38: 1 | I38: 1 | J38: 520 | K38: 59.3 | L38: 6.37 | M38: 0 | N38: 1 | O38: 0 | AG38: 25.9 | AH38: 26.8 | AI38: 24.2 | AJ38: 16 | AK38: 11.7 | AL38: 34.4 | AM38: 17.1 | AN38: 19.2 | AO38: 17.1 | AP38: 19 | AQ38: 19.1 | AR38: 20.8 | AS38: 16.6 | AT38: 24.1 | AU38: 19.5 | AV38: 21.4 | AW38: 14.7 | AX38: 0 | AY38: 0 | AZ38: 0 | BA38: 0 | BB38: 0 | BC38: 0 | BD38: 0 | BE38: 0 | BF38: 0 | BG38: 0 | BH38: 0 | BI38: 0 | BJ38: 0 | BK38: 0 | BL38: 0 | BM38: 0 | BN38: 0 | BO38: =AG38/$AW38 -> 1.7619048 | BP38: =AH38/$AW38 -> 1.8231293 | BQ38: =AI38/$AW38 -> 1.6462585 | BR38: =AJ38/$AW38 -> 1.0884354 | BS38: =AK38/$AW38 -> 0.79591837 | BT38: =AL38/$AW38 -> 2.3401361 | BU38: =AM38/$AW38 -> 1.1632653 | BV38: =AN38/$AW38 -> 1.3061224 | ... CE38: =AW38/$AW38 -> 1 | CF38: =AX38*NF!B$6 -> 0 | CG38: =AY38*NF!C$6 -> 0 | CH38: =AZ38*NF!D$6 -> 0 | CI38: =BA38*NF!E$6 -> 0 | CJ38: =BB38*NF!F$6 -> 0 | CK38: =BC38*NF!G$6 -> 0 | CL38: =BD38*NF!H$6 -> 0 | CM38: =BE38*NF!I$6 -> 0 | ... DM38: =CE38*NF!AI$6 -> 1
A39: High | B39: Q9NY15 | C39: Stabilin-1 OS=Homo sapiens OX=9606 GN=STAB1 PE=1 SV=3 | D39: 0 | E39: 16.627 | F39: 1 | G39: 3 | H39: 8 | I39: 3 | J39: 2570 | K39: 275.3 | L39: 6.49 | M39: 14.86 | N39: 3 | O39: 0 | P39: 219.4 | Q39: 377 | R39: 254.3 | S39: 349.1 | T39: 326.9 | U39: 384.4 | V39: 423.5 | W39: 327.7 | X39: 388.4 | Y39: 366.6 | Z39: 392.4 | AA39: 354.6 | AB39: 296 | AC39: 398.1 | AD39: 433.9 | AE39: 296.2 | AF39: 400.3 | AG39: 27 | AH39: 37 | AI39: 25.7 | AJ39: 31 | AK39: 29.5 | AL39: 26.7 | AM39: 29.4 | AN39: 23.2 | AO39: 24.6 | AP39: 22.8 | AQ39: 24.7 | AR39: 20.8 | AS39: 22.6 | AT39: 21.3 | AU39: 28 | AV39: 25.5 | AW39: 28.6 | AX39: =P39/$AF39 -> 0.54808893 | AY39: =Q39/$AF39 -> 0.94179365 | AZ39: =R39/$AF39 -> 0.63527354 | BA39: =S39/$AF39 -> 0.87209593 | BB39: =T39/$AF39 -> 0.81663752 | BC39: =U39/$AF39 -> 0.96027979 | BD39: =V39/$AF39 -> 1.0579565 | BE39: =W39/$AF39 -> 0.81863602 | ... BN39: =AF39/$AF39 -> 1 | BO39: =AG39/$AW39 -> 0.94405594 | BP39: =AH39/$AW39 -> 1.2937063 | BQ39: =AI39/$AW39 -> 0.8986014 | BR39: =AJ39/$AW39 -> 1.0839161 | BS39: =AK39/$AW39 -> 1.0314685 | BT39: =AL39/$AW39 -> 0.93356643 | BU39: =AM39/$AW39 -> 1.027972 | BV39: =AN39/$AW39 -> 0.81118881 | ... CE39: =AW39/$AW39 -> 1 | CF39: =AX39*NF!B$6 -> 0.56103592 | CG39: =AY39*NF!C$6 -> 0.84690118 | CH39: =AZ39*NF!D$6 -> 0.57665388 | CI39: =BA39*NF!E$6 -> 0.72542712 | CJ39: =BB39*NF!F$6 -> 0.65703271 | CK39: =BC39*NF!G$6 -> 0.7134077 | CL39: =BD39*NF!H$6 -> 0.76606672 | CM39: =BE39*NF!I$6 -> 0.66438878 | ... DM39: =CE39*NF!AI$6 -> 1
A40: Low | B40: Q9Y4D8 | C40: Probable E3 ubiquitin-protein ligase HECTD4 OS=Homo sapiens OX=9606 GN=HECTD4 PE=1 SV=5 | D40: 0.256 | E40: 0.878 | F40: 0 | G40: 1 | H40: 2 | I40: 1 | J40: 3996 | K40: 439.1 | L40: 6.19 | M40: 0 | N40: 1 | O40: 0 | AG40: 27.7 | AH40: 32.2 | AI40: 23 | AJ40: 35.8 | AK40: 46.2 | AL40: 23.8 | AM40: 52.4 | AN40: 36.8 | AO40: 26.9 | AP40: 45.4 | AQ40: 30.7 | AR40: 21 | AS40: 25.9 | AT40: 21.7 | AU40: 25.6 | AV40: 27.5 | AW40: 25.2 | AX40: 0 | AY40: 0 | AZ40: 0 | BA40: 0 | BB40: 0 | BC40: 0 | BD40: 0 | BE40: 0 | BF40: 0 | BG40: 0 | BH40: 0 | BI40: 0 | BJ40: 0 | BK40: 0 | BL40: 0 | BM40: 0 | BN40: 0 | BO40: =AG40/$AW40 -> 1.0992063 | BP40: =AH40/$AW40 -> 1.2777778 | BQ40: =AI40/$AW40 -> 0.91269841 | BR40: =AJ40/$AW40 -> 1.4206349 | BS40: =AK40/$AW40 -> 1.8333333 | BT40: =AL40/$AW40 -> 0.94444444 | BU40: =AM40/$AW40 -> 2.0793651 | BV40: =AN40/$AW40 -> 1.4603175 | ... CE40: =AW40/$AW40 -> 1 | CF40: =AX40*NF!B$6 -> 0 | CG40: =AY40*NF!C$6 -> 0 | CH40: =AZ40*NF!D$6 -> 0 | CI40: =BA40*NF!E$6 -> 0 | CJ40: =BB40*NF!F$6 -> 0 | CK40: =BC40*NF!G$6 -> 0 | CL40: =BD40*NF!H$6 -> 0 | CM40: =BE40*NF!I$6 -> 0 | ... DM40: =CE40*NF!AI$6 -> 1
A41: Low | B41: Q14165 | C41: Malectin OS=Homo sapiens OX=9606 GN=MLEC PE=1 SV=1 | D41: 0.208 | E41: 1.086 | F41: 4 | G41: 1 | H41: 1 | I41: 1 | J41: 292 | K41: 32.2 | L41: 5.41 | M41: 0 | N41: 1 | O41: 0 | AG41: 28.4 | AH41: 32.6 | AI41: 30.5 | AJ41: 33.8 | AK41: 35.3 | AL41: 31.3 | AM41: 39 | AN41: 27.8 | AO41: 29.6 | AP41: 33.2 | AQ41: 27.1 | AR41: 23.4 | AS41: 28.5 | AT41: 34.4 | AU41: 35.9 | AV41: 27.4 | AW41: 26.3 | AX41: 0 | AY41: 0 | AZ41: 0 | BA41: 0 | BB41: 0 | BC41: 0 | BD41: 0 | BE41: 0 | BF41: 0 | BG41: 0 | BH41: 0 | BI41: 0 | BJ41: 0 | BK41: 0 | BL41: 0 | BM41: 0 | BN41: 0 | BO41: =AG41/$AW41 -> 1.0798479 | BP41: =AH41/$AW41 -> 1.2395437 | BQ41: =AI41/$AW41 -> 1.1596958 | BR41: =AJ41/$AW41 -> 1.2851711 | BS41: =AK41/$AW41 -> 1.3422053 | BT41: =AL41/$AW41 -> 1.1901141 | BU41: =AM41/$AW41 -> 1.4828897 | BV41: =AN41/$AW41 -> 1.0570342 | ... CE41: =AW41/$AW41 -> 1 | CF41: =AX41*NF!B$6 -> 0 | CG41: =AY41*NF!C$6 -> 0 | CH41: =AZ41*NF!D$6 -> 0 | CI41: =BA41*NF!E$6 -> 0 | CJ41: =BB41*NF!F$6 -> 0 | CK41: =BC41*NF!G$6 -> 0 | CL41: =BD41*NF!H$6 -> 0 | CM41: =BE41*NF!I$6 -> 0 | ... DM41: =CE41*NF!AI$6 -> 1
A42: Low | B42: Q5JU67 | C42: Cilia- and flagella-associated protein 157 OS=Homo sapiens OX=9606 GN=CFAP157 PE=2 SV=1 | D42: 0.267 | E42: 0.833 | F42: 2 | G42: 1 | H42: 2 | I42: 1 | J42: 520 | K42: 60.5 | L42: 8.81 | M42: 2.3 | N42: 1 | O42: 0 | AG42: 29.4 | AH42: 31.9 | AI42: 25 | AJ42: 33.8 | AK42: 47 | AL42: 23.2 | AM42: 53.9 | AN42: 31.6 | AO42: 30.9 | AP42: 31.8 | AQ42: 31.9 | AR42: 22.7 | AS42: 29.3 | AT42: 29.5 | AU42: 25.9 | AV42: 32.9 | AW42: 32.3 | AX42: 0 | AY42: 0 | AZ42: 0 | BA42: 0 | BB42: 0 | BC42: 0 | BD42: 0 | BE42: 0 | BF42: 0 | BG42: 0 | BH42: 0 | BI42: 0 | BJ42: 0 | BK42: 0 | BL42: 0 | BM42: 0 | BN42: 0 | BO42: =AG42/$AW42 -> 0.91021672 | BP42: =AH42/$AW42 -> 0.9876161 | BQ42: =AI42/$AW42 -> 0.77399381 | BR42: =AJ42/$AW42 -> 1.0464396 | BS42: =AK42/$AW42 -> 1.4551084 | BT42: =AL42/$AW42 -> 0.71826625 | BU42: =AM42/$AW42 -> 1.6687307 | BV42: =AN42/$AW42 -> 0.97832817 | ... CE42: =AW42/$AW42 -> 1 | CF42: =AX42*NF!B$6 -> 0 | CG42: =AY42*NF!C$6 -> 0 | CH42: =AZ42*NF!D$6 -> 0 | CI42: =BA42*NF!E$6 -> 0 | CJ42: =BB42*NF!F$6 -> 0 | CK42: =BC42*NF!G$6 -> 0 | CL42: =BD42*NF!H$6 -> 0 | CM42: =BE42*NF!I$6 -> 0 | ... DM42: =CE42*NF!AI$6 -> 1
A43: High | B43: P08758 | C43: Annexin A5 OS=Homo sapiens OX=9606 GN=ANXA5 PE=1 SV=2 | D43: 0.001 | E43: 5.389 | F43: 5 | G43: 1 | H43: 1 | I43: 1 | J43: 320 | K43: 35.9 | L43: 5.05 | M43: 3.19 | N43: 1 | O43: 0 | AG43: 30.8 | AH43: 26.2 | AI43: 24.4 | AJ43: 21.1 | AK43: 20.5 | AL43: 26.1 | AM43: 25.6 | AN43: 23.3 | AO43: 21.9 | AP43: 16.5 | AQ43: 17.6 | AR43: 25.8 | AS43: 21.9 | AT43: 30.4 | AU43: 21.1 | AV43: 22.8 | AW43: 18.2 | AX43: 0 | AY43: 0 | AZ43: 0 | BA43: 0 | BB43: 0 | BC43: 0 | BD43: 0 | BE43: 0 | BF43: 0 | BG43: 0 | BH43: 0 | BI43: 0 | BJ43: 0 | BK43: 0 | BL43: 0 | BM43: 0 | BN43: 0 | BO43: =AG43/$AW43 -> 1.6923077 | BP43: =AH43/$AW43 -> 1.4395604 | BQ43: =AI43/$AW43 -> 1.3406593 | BR43: =AJ43/$AW43 -> 1.1593407 | BS43: =AK43/$AW43 -> 1.1263736 | BT43: =AL43/$AW43 -> 1.4340659 | BU43: =AM43/$AW43 -> 1.4065934 | BV43: =AN43/$AW43 -> 1.2802198 | ... CE43: =AW43/$AW43 -> 1 | CF43: =AX43*NF!B$6 -> 0 | CG43: =AY43*NF!C$6 -> 0 | CH43: =AZ43*NF!D$6 -> 0 | CI43: =BA43*NF!E$6 -> 0 | CJ43: =BB43*NF!F$6 -> 0 | CK43: =BC43*NF!G$6 -> 0 | CL43: =BD43*NF!H$6 -> 0 | CM43: =BE43*NF!I$6 -> 0 | ... DM43: =CE43*NF!AI$6 -> 1
A44: Low | B44: Q9H4A4 | C44: Aminopeptidase B OS=Homo sapiens OX=9606 GN=RNPEP PE=1 SV=2 | D44: 0.291 | E44: 0.757 | F44: 2 | G44: 1 | H44: 1 | I44: 1 | J44: 650 | K44: 72.5 | L44: 5.74 | M44: 0 | N44: 1 | O44: 0 | AG44: 30.9 | AH44: 47.3 | AI44: 36.5 | AJ44: 54.5 | AK44: 74.8 | AL44: 39.9 | AM44: 52.1 | AN44: 39.2 | AO44: 38.4 | AP44: 48.7 | AQ44: 28.5 | AR44: 26.6 | AS44: 38.6 | AT44: 26.8 | AU44: 31.3 | AV44: 34.3 | AW44: 63.7 | AX44: 0 | AY44: 0 | AZ44: 0 | BA44: 0 | BB44: 0 | BC44: 0 | BD44: 0 | BE44: 0 | BF44: 0 | BG44: 0 | BH44: 0 | BI44: 0 | BJ44: 0 | BK44: 0 | BL44: 0 | BM44: 0 | BN44: 0 | BO44: =AG44/$AW44 -> 0.48508634 | BP44: =AH44/$AW44 -> 0.74254317 | BQ44: =AI44/$AW44 -> 0.57299843 | BR44: =AJ44/$AW44 -> 0.855573 | BS44: =AK44/$AW44 -> 1.1742543 | BT44: =AL44/$AW44 -> 0.62637363 | BU44: =AM44/$AW44 -> 0.81789639 | BV44: =AN44/$AW44 -> 0.61538462 | ... CE44: =AW44/$AW44 -> 1 | CF44: =AX44*NF!B$6 -> 0 | CG44: =AY44*NF!C$6 -> 0 | CH44: =AZ44*NF!D$6 -> 0 | CI44: =BA44*NF!E$6 -> 0 | CJ44: =BB44*NF!F$6 -> 0 | CK44: =BC44*NF!G$6 -> 0 | CL44: =BD44*NF!H$6 -> 0 | CM44: =BE44*NF!I$6 -> 0 | ... DM44: =CE44*NF!AI$6 -> 1
A45: High | B45: P29966 | C45: Myristoylated alanine-rich C-kinase substrate OS=Homo sapiens OX=9606 GN=MARCKS PE=1 SV=4 | D45: 0 | E45: 12.211 | F45: 14 | G45: 2 | H45: 2 | I45: 2 | J45: 332 | K45: 31.5 | L45: 4.45 | M45: 4.2 | N45: 2 | O45: 0 | P45: 80.1 | Q45: 65.8 | R45: 55.2 | S45: 64.6 | T45: 68.5 | U45: 75.9 | V45: 80.1 | W45: 85.6 | X45: 75.2 | Y45: 73.3 | Z45: 62.9 | AA45: 84 | AB45: 53.1 | AC45: 81.5 | AD45: 79.3 | AE45: 65.2 | AF45: 75.4 | AG45: 32.4 | AH45: 40.3 | AI45: 33 | AJ45: 47.2 | AK45: 45.9 | AL45: 29.1 | AM45: 41.7 | AN45: 31 | AO45: 36.2 | AP45: 40.7 | AQ45: 26.2 | AR45: 40.4 | AS45: 23.6 | AT45: 28 | AU45: 32.9 | AV45: 41 | AW45: 37.7 | AX45: =P45/$AF45 -> 1.0623342 | AY45: =Q45/$AF45 -> 0.87267905 | AZ45: =R45/$AF45 -> 0.73209549 | BA45: =S45/$AF45 -> 0.85676393 | BB45: =T45/$AF45 -> 0.90848806 | BC45: =U45/$AF45 -> 1.0066313 | BD45: =V45/$AF45 -> 1.0623342 | BE45: =W45/$AF45 -> 1.1352785 | ... BN45: =AF45/$AF45 -> 1 | BO45: =AG45/$AW45 -> 0.85941645 | BP45: =AH45/$AW45 -> 1.0689655 | BQ45: =AI45/$AW45 -> 0.87533156 | BR45: =AJ45/$AW45 -> 1.2519894 | BS45: =AK45/$AW45 -> 1.2175066 | BT45: =AL45/$AW45 -> 0.77188329 | BU45: =AM45/$AW45 -> 1.1061008 | BV45: =AN45/$AW45 -> 0.82228117 | ... CE45: =AW45/$AW45 -> 1 | CF45: =AX45*NF!B$6 -> 1.0874287 | CG45: =AY45*NF!C$6 -> 0.78475036 | CH45: =AZ45*NF!D$6 -> 0.66454161 | CI45: =BA45*NF!E$6 -> 0.71267365 | CJ45: =BB45*NF!F$6 -> 0.73093185 | CK45: =BC45*NF!G$6 -> 0.747843 | CL45: =BD45*NF!H$6 -> 0.76923661 | CM45: =BE45*NF!I$6 -> 0.92136955 | ... DM45: =CE45*NF!AI$6 -> 1
A46: Low | B46: O76036 | C46: Natural cytotoxicity triggering receptor 1 OS=Homo sapiens OX=9606 GN=NCR1 PE=1 SV=1 | D46: 0.216 | E46: 1.03 | F46: 3 | G46: 1 | H46: 1 | I46: 1 | J46: 304 | K46: 34.5 | L46: 7.72 | M46: 0 | N46: 1 | O46: 0 | AG46: 33 | AH46: 38.9 | AI46: 30.2 | AJ46: 42.7 | AK46: 43.5 | AL46: 31.4 | AM46: 32.7 | AN46: 30.4 | AO46: 34.4 | AP46: 32.5 | AQ46: 23 | AR46: 30.4 | AS46: 31.8 | AT46: 22.3 | AU46: 28.4 | AV46: 32.1 | AW46: 31.2 | AX46: 0 | AY46: 0 | AZ46: 0 | BA46: 0 | BB46: 0 | BC46: 0 | BD46: 0 | BE46: 0 | BF46: 0 | BG46: 0 | BH46: 0 | BI46: 0 | BJ46: 0 | BK46: 0 | BL46: 0 | BM46: 0 | BN46: 0 | BO46: =AG46/$AW46 -> 1.0576923 | BP46: =AH46/$AW46 -> 1.2467949 | BQ46: =AI46/$AW46 -> 0.96794872 | BR46: =AJ46/$AW46 -> 1.3685897 | BS46: =AK46/$AW46 -> 1.3942308 | BT46: =AL46/$AW46 -> 1.0064103 | BU46: =AM46/$AW46 -> 1.0480769 | BV46: =AN46/$AW46 -> 0.97435897 | ... CE46: =AW46/$AW46 -> 1 | CF46: =AX46*NF!B$6 -> 0 | CG46: =AY46*NF!C$6 -> 0 | CH46: =AZ46*NF!D$6 -> 0 | CI46: =BA46*NF!E$6 -> 0 | CJ46: =BB46*NF!F$6 -> 0 | CK46: =BC46*NF!G$6 -> 0 | CL46: =BD46*NF!H$6 -> 0 | CM46: =BE46*NF!I$6 -> 0 | ... DM46: =CE46*NF!AI$6 -> 1
A47: Low | B47: Q6ZMN7 | C47: PDZ domain-containing RING finger protein 4 OS=Homo sapiens OX=9606 GN=PDZRN4 PE=2 SV=3 | D47: 0.244 | E47: 0.936 | F47: 2 | G47: 1 | H47: 1 | I47: 1 | J47: 1036 | K47: 117 | L47: 5.87 | M47: 0 | N47: 1 | O47: 0 | AG47: 33.3 | AH47: 44.3 | AI47: 27.8 | AJ47: 35.7 | AK47: 40.7 | AL47: 36.8 | AM47: 46.9 | AN47: 32.4 | AO47: 24.5 | AP47: 43.3 | AQ47: 27.9 | AR47: 27.2 | AS47: 37 | AT47: 29.4 | AU47: 30.2 | AV47: 44.4 | AW47: 31.9 | AX47: 0 | AY47: 0 | AZ47: 0 | BA47: 0 | BB47: 0 | BC47: 0 | BD47: 0 | BE47: 0 | BF47: 0 | BG47: 0 | BH47: 0 | BI47: 0 | BJ47: 0 | BK47: 0 | BL47: 0 | BM47: 0 | BN47: 0 | BO47: =AG47/$AW47 -> 1.0438871 | BP47: =AH47/$AW47 -> 1.3887147 | BQ47: =AI47/$AW47 -> 0.87147335 | BR47: =AJ47/$AW47 -> 1.1191223 | BS47: =AK47/$AW47 -> 1.2758621 | BT47: =AL47/$AW47 -> 1.153605 | BU47: =AM47/$AW47 -> 1.4702194 | BV47: =AN47/$AW47 -> 1.015674 | ... CE47: =AW47/$AW47 -> 1 | CF47: =AX47*NF!B$6 -> 0 | CG47: =AY47*NF!C$6 -> 0 | CH47: =AZ47*NF!D$6 -> 0 | CI47: =BA47*NF!E$6 -> 0 | CJ47: =BB47*NF!F$6 -> 0 | CK47: =BC47*NF!G$6 -> 0 | CL47: =BD47*NF!H$6 -> 0 | CM47: =BE47*NF!I$6 -> 0 | ... DM47: =CE47*NF!AI$6 -> 1
A48: Medium | B48: Q9Y2C2 | C48: Uronyl 2-sulfotransferase OS=Homo sapiens OX=9606 GN=UST PE=2 SV=1 | D48: 0.02 | E48: 3.287 | F48: 3 | G48: 1 | H48: 2 | I48: 1 | J48: 406 | K48: 47.6 | L48: 8.69 | M48: 2.98 | N48: 1 | O48: 0 | AG48: 33.7 | AH48: 34.2 | AI48: 33.4 | AJ48: 30.6 | AK48: 29.1 | AL48: 30.2 | AM48: 45.6 | AN48: 10.1 | AO48: 1016.8 | AP48: 23.8 | AQ48: 92.6 | AR48: 36.8 | AS48: 29 | AT48: 34.1 | AU48: 26.3 | AV48: 42.9 | AW48: 25.1 | AX48: 0 | AY48: 0 | AZ48: 0 | BA48: 0 | BB48: 0 | BC48: 0 | BD48: 0 | BE48: 0 | BF48: 0 | BG48: 0 | BH48: 0 | BI48: 0 | BJ48: 0 | BK48: 0 | BL48: 0 | BM48: 0 | BN48: 0 | BO48: =AG48/$AW48 -> 1.3426295 | BP48: =AH48/$AW48 -> 1.3625498 | BQ48: =AI48/$AW48 -> 1.3306773 | BR48: =AJ48/$AW48 -> 1.2191235 | BS48: =AK48/$AW48 -> 1.1593625 | BT48: =AL48/$AW48 -> 1.2031873 | BU48: =AM48/$AW48 -> 1.8167331 | BV48: =AN48/$AW48 -> 0.40239044 | ... CE48: =AW48/$AW48 -> 1 | CF48: =AX48*NF!B$6 -> 0 | CG48: =AY48*NF!C$6 -> 0 | CH48: =AZ48*NF!D$6 -> 0 | CI48: =BA48*NF!E$6 -> 0 | CJ48: =BB48*NF!F$6 -> 0 | CK48: =BC48*NF!G$6 -> 0 | CL48: =BD48*NF!H$6 -> 0 | CM48: =BE48*NF!I$6 -> 0 | ... DM48: =CE48*NF!AI$6 -> 1
A49: Medium | B49: Q9UBX1 | C49: Cathepsin F OS=Homo sapiens OX=9606 GN=CTSF PE=1 SV=1 | D49: 0.049 | E49: 2.16 | F49: 2 | G49: 1 | H49: 2 | I49: 1 | J49: 484 | K49: 53.3 | L49: 8.22 | M49: 2.22 | N49: 1 | O49: 0 | P49: 12.5 | Q49: 14.1 | R49: 14.2 | S49: 16.7 | T49: 21.9 | U49: 23.8 | V49: 23.1 | W49: 25.7 | X49: 13.1 | Y49: 11.1 | Z49: 18.1 | AA49: 10.7 | AB49: 12.4 | AC49: 15.9 | AD49: 10 | AE49: 19.5 | AF49: 17.2 | AG49: 34.2 | AH49: 38.4 | AI49: 23.6 | AJ49: 32.6 | AK49: 53.4 | AL49: 40 | AM49: 40.5 | AN49: 34.6 | AO49: 38.5 | AP49: 33.8 | AQ49: 27.9 | AR49: 20.9 | AS49: 27.1 | AT49: 19.2 | AU49: 34 | AV49: 37.2 | AW49: 25 | AX49: =P49/$AF49 -> 0.72674419 | AY49: =Q49/$AF49 -> 0.81976744 | AZ49: =R49/$AF49 -> 0.8255814 | BA49: =S49/$AF49 -> 0.97093023 | BB49: =T49/$AF49 -> 1.2732558 | BC49: =U49/$AF49 -> 1.3837209 | BD49: =V49/$AF49 -> 1.3430233 | BE49: =W49/$AF49 -> 1.494186 | ... BN49: =AF49/$AF49 -> 1 | BO49: =AG49/$AW49 -> 1.368 | BP49: =AH49/$AW49 -> 1.536 | BQ49: =AI49/$AW49 -> 0.944 | BR49: =AJ49/$AW49 -> 1.304 | BS49: =AK49/$AW49 -> 2.136 | BT49: =AL49/$AW49 -> 1.6 | BU49: =AM49/$AW49 -> 1.62 | BV49: =AN49/$AW49 -> 1.384 | ... CE49: =AW49/$AW49 -> 1 | CF49: =AX49*NF!B$6 -> 0.74391138 | CG49: =AY49*NF!C$6 -> 0.73716998 | CH49: =AZ49*NF!D$6 -> 0.74940113 | CI49: =BA49*NF!E$6 -> 0.80763951 | CJ49: =BB49*NF!F$6 -> 1.0244089 | CK49: =BC49*NF!G$6 -> 1.0279891 | CL49: =BD49*NF!H$6 -> 0.97248365 | CM49: =BE49*NF!I$6 -> 1.2126518 | ... DM49: =CE49*NF!AI$6 -> 1
A50: Low | B50: A0A0C4DH72 | C50: Immunoglobulin kappa variable 1-6 OS=Homo sapiens OX=9606 GN=IGKV1-6 PE=3 SV=1 | D50: 0.209 | E50: 1.067 | F50: 8 | G50: 1 | H50: 1 | I50: 1 | J50: 117 | K50: 12.7 | L50: 8.29 | M50: 0 | N50: 1 | O50: 0 | AG50: 34.5 | AH50: 44.1 | AI50: 30 | AJ50: 53.2 | AK50: 35.7 | AL50: 34.8 | AM50: 29.2 | AN50: 59.3 | AO50: 32.2 | AP50: 39.2 | AQ50: 31.2 | AR50: 31 | AS50: 27.6 | AT50: 37.1 | AU50: 30.9 | AV50: 32.5 | AW50: 36.1 | AX50: 0 | AY50: 0 | AZ50: 0 | BA50: 0 | BB50: 0 | BC50: 0 | BD50: 0 | BE50: 0 | BF50: 0 | BG50: 0 | BH50: 0 | BI50: 0 | BJ50: 0 | BK50: 0 | BL50: 0 | BM50: 0 | BN50: 0 | BO50: =AG50/$AW50 -> 0.95567867 | BP50: =AH50/$AW50 -> 1.2216066 | BQ50: =AI50/$AW50 -> 0.83102493 | BR50: =AJ50/$AW50 -> 1.4736842 | BS50: =AK50/$AW50 -> 0.98891967 | BT50: =AL50/$AW50 -> 0.96398892 | BU50: =AM50/$AW50 -> 0.80886427 | BV50: =AN50/$AW50 -> 1.6426593 | ... CE50: =AW50/$AW50 -> 1 | CF50: =AX50*NF!B$6 -> 0 | CG50: =AY50*NF!C$6 -> 0 | CH50: =AZ50*NF!D$6 -> 0 | CI50: =BA50*NF!E$6 -> 0 | CJ50: =BB50*NF!F$6 -> 0 | CK50: =BC50*NF!G$6 -> 0 | CL50: =BD50*NF!H$6 -> 0 | CM50: =BE50*NF!I$6 -> 0 | ... DM50: =CE50*NF!AI$6 -> 1
A51: High | B51: P23467 | C51: Receptor-type tyrosine-protein phosphatase beta OS=Homo sapiens OX=9606 GN=PTPRB PE=1 SV=3 | D51: 0.003 | E51: 4.598 | F51: 1 | G51: 1 | H51: 1 | I51: 1 | J51: 1997 | K51: 224.2 | L51: 7.61 | M51: 3.22 | N51: 1 | O51: 0 | AG51: 35 | AH51: 46.6 | AI51: 40.4 | AJ51: 44.7 | AK51: 49.8 | AL51: 44.2 | AM51: 50.7 | AN51: 35 | AO51: 40.7 | AP51: 43 | AQ51: 33.9 | AR51: 38.8 | AS51: 34.6 | AT51: 39.1 | AU51: 42.2 | AV51: 44.5 | AW51: 45 | AX51: 0 | AY51: 0 | AZ51: 0 | BA51: 0 | BB51: 0 | BC51: 0 | BD51: 0 | BE51: 0 | BF51: 0 | BG51: 0 | BH51: 0 | BI51: 0 | BJ51: 0 | BK51: 0 | BL51: 0 | BM51: 0 | BN51: 0 | BO51: =AG51/$AW51 -> 0.77777778 | BP51: =AH51/$AW51 -> 1.0355556 | BQ51: =AI51/$AW51 -> 0.89777778 | BR51: =AJ51/$AW51 -> 0.99333333 | BS51: =AK51/$AW51 -> 1.1066667 | BT51: =AL51/$AW51 -> 0.98222222 | BU51: =AM51/$AW51 -> 1.1266667 | BV51: =AN51/$AW51 -> 0.77777778 | ... CE51: =AW51/$AW51 -> 1 | CF51: =AX51*NF!B$6 -> 0 | CG51: =AY51*NF!C$6 -> 0 | CH51: =AZ51*NF!D$6 -> 0 | CI51: =BA51*NF!E$6 -> 0 | CJ51: =BB51*NF!F$6 -> 0 | CK51: =BC51*NF!G$6 -> 0 | CL51: =BD51*NF!H$6 -> 0 | CM51: =BE51*NF!I$6 -> 0 | ... DM51: =CE51*NF!AI$6 -> 1
A52: Low | B52: O43182 | C52: Rho GTPase-activating protein 6 OS=Homo sapiens OX=9606 GN=ARHGAP6 PE=1 SV=3 | D52: 0.108 | E52: 1.627 | F52: 1 | G52: 1 | H52: 2 | I52: 1 | J52: 974 | K52: 105.9 | L52: 7.36 | M52: 0 | N52: 1 | O52: 0 | P52: 8.7 | Q52: 9.7 | R52: 6.6 | S52: 11.1 | T52: 16.1 | U52: 13.5 | V52: 12.8 | W52: 9.9 | X52: 6.9 | Y52: 15.3 | Z52: 13.5 | AA52: 9 | AB52: 8 | AC52: 7.1 | AD52: 7.1 | AE52: 10.1 | AF52: 6.1 | AG52: 35.2 | AH52: 26.5 | AI52: 50.1 | AJ52: 11.5 | AK52: 19.9 | AL52: 17.1 | AM52: 25.9 | AN52: 10.1 | AO52: 10.8 | AP52: 10.3 | AQ52: 17.4 | AR52: 10.1 | AS52: 16.1 | AT52: 18.1 | AU52: 10.6 | AV52: 35.3 | AW52: 21.9 | AX52: =P52/$AF52 -> 1.4262295 | AY52: =Q52/$AF52 -> 1.5901639 | AZ52: =R52/$AF52 -> 1.0819672 | BA52: =S52/$AF52 -> 1.8196721 | BB52: =T52/$AF52 -> 2.6393443 | BC52: =U52/$AF52 -> 2.2131148 | BD52: =V52/$AF52 -> 2.0983607 | BE52: =W52/$AF52 -> 1.6229508 | ... BN52: =AF52/$AF52 -> 1 | BO52: =AG52/$AW52 -> 1.6073059 | BP52: =AH52/$AW52 -> 1.2100457 | BQ52: =AI52/$AW52 -> 2.2876712 | BR52: =AJ52/$AW52 -> 0.52511416 | BS52: =AK52/$AW52 -> 0.9086758 | BT52: =AL52/$AW52 -> 0.78082192 | BU52: =AM52/$AW52 -> 1.1826484 | BV52: =AN52/$AW52 -> 0.46118721 | ... CE52: =AW52/$AW52 -> 1 | CF52: =AX52*NF!B$6 -> 1.45992 | CG52: =AY52*NF!C$6 -> 1.4299435 | CH52: =AZ52*NF!D$6 -> 0.98212903 | CI52: =BA52*NF!E$6 -> 1.5136403 | CJ52: =BB52*NF!F$6 -> 2.123507 | CK52: =BC52*NF!G$6 -> 1.6441595 | CL52: =BD52*NF!H$6 -> 1.5194237 | CM52: =BE52*NF!I$6 -> 1.3171547 | ... DM52: =CE52*NF!AI$6 -> 1
A53: Low | B53: P23246 | C53: Splicing factor, proline- and glutamine-rich OS=Homo sapiens OX=9606 GN=SFPQ PE=1 SV=2 | D53: 0.093 | E53: 1.695 | F53: 2 | G53: 1 | H53: 1 | I53: 1 | J53: 707 | K53: 76.1 | L53: 9.44 | M53: 0 | N53: 1 | O53: 0 | AG53: 35.2 | AH53: 35.7 | AI53: 33.4 | AJ53: 37.1 | AK53: 32.7 | AL53: 36.5 | AM53: 33 | AN53: 30 | AO53: 25.6 | AP53: 33 | AQ53: 24.6 | AR53: 32.1 | AS53: 26 | AT53: 33.6 | AU53: 25.2 | AV53: 35.5 | AW53: 33.7 | AX53: 0 | AY53: 0 | AZ53: 0 | BA53: 0 | BB53: 0 | BC53: 0 | BD53: 0 | BE53: 0 | BF53: 0 | BG53: 0 | BH53: 0 | BI53: 0 | BJ53: 0 | BK53: 0 | BL53: 0 | BM53: 0 | BN53: 0 | BO53: =AG53/$AW53 -> 1.0445104 | BP53: =AH53/$AW53 -> 1.0593472 | BQ53: =AI53/$AW53 -> 0.99109792 | BR53: =AJ53/$AW53 -> 1.1008902 | BS53: =AK53/$AW53 -> 0.97032641 | BT53: =AL53/$AW53 -> 1.0830861 | BU53: =AM53/$AW53 -> 0.97922849 | BV53: =AN53/$AW53 -> 0.89020772 | ... CE53: =AW53/$AW53 -> 1 | CF53: =AX53*NF!B$6 -> 0 | CG53: =AY53*NF!C$6 -> 0 | CH53: =AZ53*NF!D$6 -> 0 | CI53: =BA53*NF!E$6 -> 0 | CJ53: =BB53*NF!F$6 -> 0 | CK53: =BC53*NF!G$6 -> 0 | CL53: =BD53*NF!H$6 -> 0 | CM53: =BE53*NF!I$6 -> 0 | ... DM53: =CE53*NF!AI$6 -> 1
A54: Low | B54: P54819 | C54: Adenylate kinase 2, mitochondrial OS=Homo sapiens OX=9606 GN=AK2 PE=1 SV=2 | D54: 0.234 | E54: 0.976 | F54: 5 | G54: 1 | H54: 1 | I54: 1 | J54: 239 | K54: 26.5 | L54: 7.81 | M54: 0 | N54: 1 | O54: 0 | AG54: 35.3 | AH54: 47.7 | AI54: 34 | AJ54: 40.3 | AK54: 46.4 | AL54: 27.8 | AM54: 26.9 | AN54: 31.4 | AO54: 25.2 | AP54: 29 | AQ54: 25.3 | AR54: 27.7 | AS54: 32 | AT54: 28.4 | AU54: 30.6 | AV54: 28.3 | AW54: 32.1 | AX54: 0 | AY54: 0 | AZ54: 0 | BA54: 0 | BB54: 0 | BC54: 0 | BD54: 0 | BE54: 0 | BF54: 0 | BG54: 0 | BH54: 0 | BI54: 0 | BJ54: 0 | BK54: 0 | BL54: 0 | BM54: 0 | BN54: 0 | BO54: =AG54/$AW54 -> 1.0996885 | BP54: =AH54/$AW54 -> 1.4859813 | BQ54: =AI54/$AW54 -> 1.05919 | BR54: =AJ54/$AW54 -> 1.2554517 | BS54: =AK54/$AW54 -> 1.4454829 | BT54: =AL54/$AW54 -> 0.86604361 | BU54: =AM54/$AW54 -> 0.83800623 | BV54: =AN54/$AW54 -> 0.97819315 | ... CE54: =AW54/$AW54 -> 1 | CF54: =AX54*NF!B$6 -> 0 | CG54: =AY54*NF!C$6 -> 0 | CH54: =AZ54*NF!D$6 -> 0 | CI54: =BA54*NF!E$6 -> 0 | CJ54: =BB54*NF!F$6 -> 0 | CK54: =BC54*NF!G$6 -> 0 | CL54: =BD54*NF!H$6 -> 0 | CM54: =BE54*NF!I$6 -> 0 | ... DM54: =CE54*NF!AI$6 -> 1
A55: Low | B55: Q9Y6N7 | C55: Roundabout homolog 1 OS=Homo sapiens OX=9606 GN=ROBO1 PE=1 SV=1 | D55: 0.148 | E55: 1.369 | F55: 1 | G55: 1 | H55: 2 | I55: 1 | J55: 1651 | K55: 180.8 | L55: 6.04 | M55: 0 | N55: 1 | O55: 0 | P55: 261 | Q55: 139.1 | R55: 101.6 | S55: 180.5 | T55: 155.5 | U55: 161.5 | V55: 160.4 | W55: 92.7 | X55: 148 | Y55: 58.1 | Z55: 247.5 | AA55: 124.4 | AB55: 98.9 | AC55: 424.5 | AD55: 78.1 | AE55: 107.4 | AF55: 116 | AG55: 36 | AH55: 41.3 | AI55: 24.9 | AJ55: 46.8 | AK55: 57.5 | AL55: 22.5 | AM55: 273 | AN55: 46.8 | AO55: 34.3 | AP55: 40.7 | AQ55: 24.3 | AR55: 20.1 | AS55: 23.8 | AT55: 36.7 | AU55: 26.3 | AV55: 43.4 | AW55: 25.3 | AX55: =P55/$AF55 -> 2.25 | AY55: =Q55/$AF55 -> 1.1991379 | AZ55: =R55/$AF55 -> 0.87586207 | BA55: =S55/$AF55 -> 1.5560345 | BB55: =T55/$AF55 -> 1.3405172 | BC55: =U55/$AF55 -> 1.3922414 | BD55: =V55/$AF55 -> 1.3827586 | BE55: =W55/$AF55 -> 0.79913793 | ... BN55: =AF55/$AF55 -> 1 | BO55: =AG55/$AW55 -> 1.4229249 | BP55: =AH55/$AW55 -> 1.6324111 | BQ55: =AI55/$AW55 -> 0.98418972 | BR55: =AJ55/$AW55 -> 1.8498024 | BS55: =AK55/$AW55 -> 2.2727273 | BT55: =AL55/$AW55 -> 0.88932806 | BU55: =AM55/$AW55 -> 10.790514 | BV55: =AN55/$AW55 -> 1.8498024 | ... CE55: =AW55/$AW55 -> 1 | CF55: =AX55*NF!B$6 -> 2.3031496 | CG55: =AY55*NF!C$6 -> 1.0783162 | CH55: =AZ55*NF!D$6 -> 0.79504217 | CI55: =BA55*NF!E$6 -> 1.2943411 | CJ55: =BB55*NF!F$6 -> 1.0785246 | CK55: =BC55*NF!G$6 -> 1.0343191 | CL55: =BD55*NF!H$6 -> 1.001256 | CM55: =BE55*NF!I$6 -> 0.64856451 | ... DM55: =CE55*NF!AI$6 -> 1
A56: High | B56: Q9NS98 | C56: Semaphorin-3G OS=Homo sapiens OX=9606 GN=SEMA3G PE=1 SV=1 | D56: 0 | E56: 8.533 | F56: 4 | G56: 2 | H56: 2 | I56: 2 | J56: 782 | K56: 86.6 | L56: 7.78 | M56: 7.23 | N56: 2 | O56: 0 | P56: 21.4 | Q56: 36.9 | R56: 31.5 | S56: 31.9 | T56: 36.8 | U56: 31.5 | V56: 29.9 | W56: 34.5 | X56: 42.6 | Y56: 50 | Z56: 41.3 | AA56: 30.3 | AB56: 24.9 | AC56: 41.8 | AD56: 44.9 | AE56: 24.8 | AF56: 36 | AG56: 36.7 | AH56: 38.7 | AI56: 41.7 | AJ56: 40.8 | AK56: 39.7 | AL56: 42.6 | AM56: 39.1 | AN56: 33.1 | AO56: 38.9 | AP56: 38.8 | AQ56: 32.9 | AR56: 41.5 | AS56: 28.3 | AT56: 37.8 | AU56: 37.6 | AV56: 38.8 | AW56: 30.6 | AX56: =P56/$AF56 -> 0.59444444 | AY56: =Q56/$AF56 -> 1.025 | AZ56: =R56/$AF56 -> 0.875 | BA56: =S56/$AF56 -> 0.88611111 | BB56: =T56/$AF56 -> 1.0222222 | BC56: =U56/$AF56 -> 0.875 | BD56: =V56/$AF56 -> 0.83055556 | BE56: =W56/$AF56 -> 0.95833333 | ... BN56: =AF56/$AF56 -> 1 | BO56: =AG56/$AW56 -> 1.1993464 | BP56: =AH56/$AW56 -> 1.2647059 | BQ56: =AI56/$AW56 -> 1.3627451 | BR56: =AJ56/$AW56 -> 1.3333333 | BS56: =AK56/$AW56 -> 1.2973856 | BT56: =AL56/$AW56 -> 1.3921569 | BU56: =AM56/$AW56 -> 1.2777778 | BV56: =AN56/$AW56 -> 1.0816993 | ... CE56: =AW56/$AW56 -> 1 | CF56: =AX56*NF!B$6 -> 0.60848645 | CG56: =AY56*NF!C$6 -> 0.92172389 | CH56: =AZ56*NF!D$6 -> 0.79425965 | CI56: =BA56*NF!E$6 -> 0.73708524 | CJ56: =BB56*NF!F$6 -> 0.82243764 | CK56: =BC56*NF!G$6 -> 0.65005193 | CL56: =BD56*NF!H$6 -> 0.60140559 | CM56: =BE56*NF!I$6 -> 0.77776435 | ... DM56: =CE56*NF!AI$6 -> 1
A57: Low | B57: O43175 | C57: D-3-phosphoglycerate dehydrogenase OS=Homo sapiens OX=9606 GN=PHGDH PE=1 SV=4 | D57: 0.189 | E57: 1.153 | F57: 5 | G57: 1 | H57: 1 | I57: 1 | J57: 533 | K57: 56.6 | L57: 6.71 | M57: 0 | N57: 1 | O57: 0 | AG57: 36.7 | AH57: 39.7 | AI57: 36.6 | AJ57: 42.1 | AK57: 37.7 | AL57: 37.8 | AM57: 38.2 | AN57: 34.7 | AO57: 30.6 | AP57: 38.9 | AQ57: 31.8 | AR57: 29.6 | AS57: 29.7 | AT57: 32.7 | AU57: 43.4 | AV57: 29.2 | AW57: 36.9 | AX57: 0 | AY57: 0 | AZ57: 0 | BA57: 0 | BB57: 0 | BC57: 0 | BD57: 0 | BE57: 0 | BF57: 0 | BG57: 0 | BH57: 0 | BI57: 0 | BJ57: 0 | BK57: 0 | BL57: 0 | BM57: 0 | BN57: 0 | BO57: =AG57/$AW57 -> 0.99457995 | BP57: =AH57/$AW57 -> 1.0758808 | BQ57: =AI57/$AW57 -> 0.99186992 | BR57: =AJ57/$AW57 -> 1.1409214 | BS57: =AK57/$AW57 -> 1.0216802 | BT57: =AL57/$AW57 -> 1.0243902 | BU57: =AM57/$AW57 -> 1.0352304 | BV57: =AN57/$AW57 -> 0.9403794 | ... CE57: =AW57/$AW57 -> 1 | CF57: =AX57*NF!B$6 -> 0 | CG57: =AY57*NF!C$6 -> 0 | CH57: =AZ57*NF!D$6 -> 0 | CI57: =BA57*NF!E$6 -> 0 | CJ57: =BB57*NF!F$6 -> 0 | CK57: =BC57*NF!G$6 -> 0 | CL57: =BD57*NF!H$6 -> 0 | CM57: =BE57*NF!I$6 -> 0 | ... DM57: =CE57*NF!AI$6 -> 1
A58: Low | B58: Q8IYS8 | C58: Biorientation of chromosomes in cell division protein 1-like 2 OS=Homo sapiens OX=9606 GN=BOD1L2 PE=1 SV=2 | D58: 0.244 | E58: 0.929 | F58: 5 | G58: 1 | H58: 1 | I58: 1 | J58: 172 | K58: 18.1 | L58: 5.33 | M58: 0 | N58: 1 | O58: 0 | AG58: 37.1 | AH58: 45.5 | AI58: 42.5 | AJ58: 45.1 | AK58: 59.8 | AL58: 39.3 | AM58: 50.5 | AN58: 35.1 | AO58: 44.4 | AP58: 39 | AQ58: 38.6 | AR58: 42.7 | AS58: 33.5 | AT58: 35.2 | AU58: 39.9 | AV58: 32 | AW58: 38.1 | AX58: 0 | AY58: 0 | AZ58: 0 | BA58: 0 | BB58: 0 | BC58: 0 | BD58: 0 | BE58: 0 | BF58: 0 | BG58: 0 | BH58: 0 | BI58: 0 | BJ58: 0 | BK58: 0 | BL58: 0 | BM58: 0 | BN58: 0 | BO58: =AG58/$AW58 -> 0.97375328 | BP58: =AH58/$AW58 -> 1.1942257 | BQ58: =AI58/$AW58 -> 1.1154856 | BR58: =AJ58/$AW58 -> 1.183727 | BS58: =AK58/$AW58 -> 1.5695538 | BT58: =AL58/$AW58 -> 1.0314961 | BU58: =AM58/$AW58 -> 1.3254593 | BV58: =AN58/$AW58 -> 0.92125984 | ... CE58: =AW58/$AW58 -> 1 | CF58: =AX58*NF!B$6 -> 0 | CG58: =AY58*NF!C$6 -> 0 | CH58: =AZ58*NF!D$6 -> 0 | CI58: =BA58*NF!E$6 -> 0 | CJ58: =BB58*NF!F$6 -> 0 | CK58: =BC58*NF!G$6 -> 0 | CL58: =BD58*NF!H$6 -> 0 | CM58: =BE58*NF!I$6 -> 0 | ... DM58: =CE58*NF!AI$6 -> 1
A59: Low | B59: Q14966 | C59: Zinc finger protein 638 OS=Homo sapiens OX=9606 GN=ZNF638 PE=1 SV=2 | D59: 0.271 | E59: 0.821 | F59: 0 | G59: 1 | H59: 1 | I59: 1 | J59: 1978 | K59: 220.5 | L59: 6.38 | M59: 0 | N59: 1 | O59: 0 | AG59: 37.4 | AH59: 57.3 | AI59: 32.8 | AJ59: 48.8 | AK59: 60.9 | AL59: 40.6 | AM59: 45.9 | AN59: 68.7 | AO59: 28.1 | AP59: 44.6 | AQ59: 39.3 | AR59: 49.3 | AS59: 22.7 | AT59: 41.2 | AU59: 45 | AV59: 28.3 | AW59: 41.8 | AX59: 0 | AY59: 0 | AZ59: 0 | BA59: 0 | BB59: 0 | BC59: 0 | BD59: 0 | BE59: 0 | BF59: 0 | BG59: 0 | BH59: 0 | BI59: 0 | BJ59: 0 | BK59: 0 | BL59: 0 | BM59: 0 | BN59: 0 | BO59: =AG59/$AW59 -> 0.89473684 | BP59: =AH59/$AW59 -> 1.3708134 | BQ59: =AI59/$AW59 -> 0.784689 | BR59: =AJ59/$AW59 -> 1.1674641 | BS59: =AK59/$AW59 -> 1.4569378 | BT59: =AL59/$AW59 -> 0.97129187 | BU59: =AM59/$AW59 -> 1.0980861 | BV59: =AN59/$AW59 -> 1.6435407 | ... CE59: =AW59/$AW59 -> 1 | CF59: =AX59*NF!B$6 -> 0 | CG59: =AY59*NF!C$6 -> 0 | CH59: =AZ59*NF!D$6 -> 0 | CI59: =BA59*NF!E$6 -> 0 | CJ59: =BB59*NF!F$6 -> 0 | CK59: =BC59*NF!G$6 -> 0 | CL59: =BD59*NF!H$6 -> 0 | CM59: =BE59*NF!I$6 -> 0 | ... DM59: =CE59*NF!AI$6 -> 1
A60: Low | B60: Q00604 | C60: Norrin OS=Homo sapiens OX=9606 GN=NDP PE=1 SV=1 | D60: 0.244 | E60: 0.94 | F60: 5 | G60: 1 | H60: 3 | I60: 1 | J60: 133 | K60: 15 | L60: 8.82 | M60: 4.79 | N60: 1 | O60: 0 | P60: 48.4 | Q60: 77.8 | R60: 63.5 | S60: 108 | T60: 59.3 | U60: 85.3 | V60: 107 | W60: 70.3 | X60: 107.4 | Y60: 83.9 | Z60: 116.3 | AA60: 67.3 | AB60: 64.1 | AC60: 85.4 | AD60: 84.9 | AE60: 73.2 | AF60: 86.1 | AG60: 38.3 | AH60: 60.3 | AI60: 24.7 | AJ60: 32.1 | AK60: 50.5 | AL60: 37.8 | AM60: 46.1 | AN60: 31.4 | AO60: 38.5 | AP60: 51.8 | AQ60: 25.9 | AR60: 26 | AS60: 26.2 | AT60: 26.2 | AU60: 42.4 | AV60: 43.8 | AW60: 23.6 | AX60: =P60/$AF60 -> 0.56213705 | AY60: =Q60/$AF60 -> 0.90360046 | AZ60: =R60/$AF60 -> 0.73751452 | BA60: =S60/$AF60 -> 1.2543554 | BB60: =T60/$AF60 -> 0.68873403 | BC60: =U60/$AF60 -> 0.99070848 | BD60: =V60/$AF60 -> 1.242741 | BE60: =W60/$AF60 -> 0.81649245 | ... BN60: =AF60/$AF60 -> 1 | BO60: =AG60/$AW60 -> 1.6228814 | BP60: =AH60/$AW60 -> 2.5550847 | BQ60: =AI60/$AW60 -> 1.0466102 | BR60: =AJ60/$AW60 -> 1.3601695 | BS60: =AK60/$AW60 -> 2.1398305 | BT60: =AL60/$AW60 -> 1.6016949 | BU60: =AM60/$AW60 -> 1.9533898 | BV60: =AN60/$AW60 -> 1.3305085 | ... CE60: =AW60/$AW60 -> 1 | CF60: =AX60*NF!B$6 -> 0.57541588 | CG60: =AY60*NF!C$6 -> 0.81255623 | CH60: =AZ60*NF!D$6 -> 0.6694606 | CI60: =BA60*NF!E$6 -> 1.0433983 | CJ60: =BB60*NF!F$6 -> 0.55412686 | CK60: =BC60*NF!G$6 -> 0.73601367 | CL60: =BD60*NF!H$6 -> 0.89986923 | CM60: =BE60*NF!I$6 -> 0.6626491 | ... DM60: =CE60*NF!AI$6 -> 1
A61: Medium | B61: Q9H1B7 | C61: Probable E3 ubiquitin-protein ligase IRF2BPL OS=Homo sapiens OX=9606 GN=IRF2BPL PE=1 SV=1 | D61: 0.011 | E61: 4.264 | F61: 3 | G61: 1 | H61: 1 | I61: 1 | J61: 796 | K61: 82.6 | L61: 8.24 | M61: 0 | N61: 1 | O61: 0 | AG61: 38.7 | AH61: 38.7 | AI61: 34.5 | AJ61: 54.8 | AK61: 44 | AL61: 42.6 | AM61: 36 | AN61: 49.2 | AO61: 54.6 | AP61: 49.8 | AQ61: 27.8 | AR61: 45.6 | AS61: 21.6 | AT61: 28.4 | AU61: 23.6 | AV61: 32.9 | AW61: 25.2 | AX61: 0 | AY61: 0 | AZ61: 0 | BA61: 0 | BB61: 0 | BC61: 0 | BD61: 0 | BE61: 0 | BF61: 0 | BG61: 0 | BH61: 0 | BI61: 0 | BJ61: 0 | BK61: 0 | BL61: 0 | BM61: 0 | BN61: 0 | BO61: =AG61/$AW61 -> 1.5357143 | BP61: =AH61/$AW61 -> 1.5357143 | BQ61: =AI61/$AW61 -> 1.3690476 | BR61: =AJ61/$AW61 -> 2.1746032 | BS61: =AK61/$AW61 -> 1.7460317 | BT61: =AL61/$AW61 -> 1.6904762 | BU61: =AM61/$AW61 -> 1.4285714 | BV61: =AN61/$AW61 -> 1.952381 | ... CE61: =AW61/$AW61 -> 1 | CF61: =AX61*NF!B$6 -> 0 | CG61: =AY61*NF!C$6 -> 0 | CH61: =AZ61*NF!D$6 -> 0 | CI61: =BA61*NF!E$6 -> 0 | CJ61: =BB61*NF!F$6 -> 0 | CK61: =BC61*NF!G$6 -> 0 | CL61: =BD61*NF!H$6 -> 0 | CM61: =BE61*NF!I$6 -> 0 | ... DM61: =CE61*NF!AI$6 -> 1
A62: Medium | B62: P02724 | C62: Glycophorin-A OS=Homo sapiens OX=9606 GN=GYPA PE=1 SV=2 | D62: 0.012 | E62: 3.992 | F62: 16 | G62: 1 | H62: 4 | I62: 1 | J62: 150 | K62: 16.3 | L62: 5.47 | M62: 9.91 | N62: 1 | O62: 0 | P62: 14.1 | Q62: 18.1 | R62: 20.2 | S62: 16.9 | T62: 27.5 | U62: 20.6 | V62: 40.5 | W62: 19 | X62: 45.8 | Y62: 9.7 | Z62: 138.4 | AA62: 13.6 | AB62: 19.7 | AC62: 13.7 | AD62: 16.4 | AE62: 21.4 | AF62: 13.3 | AG62: 38.8 | AH62: 29.6 | AI62: 35.5 | AJ62: 32.1 | AK62: 34.7 | AL62: 31.1 | AM62: 53.4 | AN62: 22.7 | AO62: 26.9 | AP62: 31.2 | AQ62: 29.7 | AR62: 39.5 | AS62: 31.9 | AT62: 29.8 | AU62: 29.4 | AV62: 28.2 | AW62: 20.2 | AX62: =P62/$AF62 -> 1.0601504 | AY62: =Q62/$AF62 -> 1.3609023 | AZ62: =R62/$AF62 -> 1.518797 | BA62: =S62/$AF62 -> 1.2706767 | BB62: =T62/$AF62 -> 2.0676692 | BC62: =U62/$AF62 -> 1.5488722 | BD62: =V62/$AF62 -> 3.0451128 | BE62: =W62/$AF62 -> 1.4285714 | ... BN62: =AF62/$AF62 -> 1 | BO62: =AG62/$AW62 -> 1.9207921 | BP62: =AH62/$AW62 -> 1.4653465 | BQ62: =AI62/$AW62 -> 1.7574257 | BR62: =AJ62/$AW62 -> 1.5891089 | BS62: =AK62/$AW62 -> 1.7178218 | BT62: =AL62/$AW62 -> 1.539604 | BU62: =AM62/$AW62 -> 2.6435644 | BV62: =AN62/$AW62 -> 1.1237624 | ... CE62: =AW62/$AW62 -> 1 | CF62: =AX62*NF!B$6 -> 1.0851933 | CG62: =AY62*NF!C$6 -> 1.2237816 | CH62: =AZ62*NF!D$6 -> 1.3786505 | CI62: =BA62*NF!E$6 -> 1.0569747 | CJ62: =BB62*NF!F$6 -> 1.6635609 | CK62: =BC62*NF!G$6 -> 1.1506827 | CL62: =BD62*NF!H$6 -> 2.2049673 | CM62: =BE62*NF!I$6 -> 1.1594003 | ... DM62: =CE62*NF!AI$6 -> 1
A63: Medium | B63: Q9BYJ0 | C63: Fibroblast growth factor-binding protein 2 OS=Homo sapiens OX=9606 GN=FGFBP2 PE=1 SV=1 | D63: 0.023 | E63: 3.154 | F63: 12 | G63: 2 | H63: 2 | I63: 2 | J63: 223 | K63: 24.6 | L63: 8.87 | M63: 4.6 | N63: 2 | O63: 0 | AG63: 38.8 | AH63: 40.4 | AI63: 43.6 | AJ63: 43.9 | AK63: 55.6 | AL63: 39.3 | AM63: 51.4 | AN63: 48.3 | AO63: 33 | AP63: 69.9 | AQ63: 22.8 | AR63: 31.2 | AS63: 29.8 | AT63: 22.9 | AU63: 66.8 | AV63: 39.3 | AW63: 29.7 | AX63: 0 | AY63: 0 | AZ63: 0 | BA63: 0 | BB63: 0 | BC63: 0 | BD63: 0 | BE63: 0 | BF63: 0 | BG63: 0 | BH63: 0 | BI63: 0 | BJ63: 0 | BK63: 0 | BL63: 0 | BM63: 0 | BN63: 0 | BO63: =AG63/$AW63 -> 1.3063973 | BP63: =AH63/$AW63 -> 1.3602694 | BQ63: =AI63/$AW63 -> 1.4680135 | BR63: =AJ63/$AW63 -> 1.4781145 | BS63: =AK63/$AW63 -> 1.8720539 | BT63: =AL63/$AW63 -> 1.3232323 | BU63: =AM63/$AW63 -> 1.7306397 | BV63: =AN63/$AW63 -> 1.6262626 | ... CE63: =AW63/$AW63 -> 1 | CF63: =AX63*NF!B$6 -> 0 | CG63: =AY63*NF!C$6 -> 0 | CH63: =AZ63*NF!D$6 -> 0 | CI63: =BA63*NF!E$6 -> 0 | CJ63: =BB63*NF!F$6 -> 0 | CK63: =BC63*NF!G$6 -> 0 | CL63: =BD63*NF!H$6 -> 0 | CM63: =BE63*NF!I$6 -> 0 | ... DM63: =CE63*NF!AI$6 -> 1
A64: High | B64: Q5JPE7 | C64: Nodal modulator 2 OS=Homo sapiens OX=9606 GN=NOMO2 PE=1 SV=1 | D64: 0 | E64: 11.362 | F64: 3 | G64: 4 | H64: 7 | I64: 4 | J64: 1267 | K64: 139.4 | L64: 5.76 | M64: 14.66 | N64: 4 | O64: 0 | P64: 220.7 | Q64: 286.1 | R64: 262.3 | S64: 294.8 | T64: 249 | U64: 399.7 | V64: 327.7 | W64: 239.4 | X64: 254.5 | Y64: 231.6 | Z64: 375 | AA64: 277.2 | AB64: 243.4 | AC64: 272 | AD64: 248.2 | AE64: 254.1 | AF64: 299.1 | AG64: 39.2 | AH64: 46.9 | AI64: 39.9 | AJ64: 50.2 | AK64: 62.1 | AL64: 33.1 | AM64: 50.6 | AN64: 35.6 | AO64: 27.5 | AP64: 50.3 | AQ64: 26.3 | AR64: 22.6 | AS64: 29.9 | AT64: 30 | AU64: 38.4 | AV64: 41.1 | AW64: 36.7 | AX64: =P64/$AF64 -> 0.73788031 | AY64: =Q64/$AF64 -> 0.95653628 | AZ64: =R64/$AF64 -> 0.87696423 | BA64: =S64/$AF64 -> 0.98562354 | BB64: =T64/$AF64 -> 0.83249749 | BC64: =U64/$AF64 -> 1.3363424 | BD64: =V64/$AF64 -> 1.0956202 | BE64: =W64/$AF64 -> 0.8004012 | ... BN64: =AF64/$AF64 -> 1 | BO64: =AG64/$AW64 -> 1.0681199 | BP64: =AH64/$AW64 -> 1.2779292 | BQ64: =AI64/$AW64 -> 1.0871935 | BR64: =AJ64/$AW64 -> 1.3678474 | BS64: =AK64/$AW64 -> 1.6920981 | BT64: =AL64/$AW64 -> 0.90190736 | BU64: =AM64/$AW64 -> 1.3787466 | BV64: =AN64/$AW64 -> 0.97002725 | ... CE64: =AW64/$AW64 -> 1 | CF64: =AX64*NF!B$6 -> 0.75531056 | CG64: =AY64*NF!C$6 -> 0.86015837 | CH64: =AZ64*NF!D$6 -> 0.79604263 | CI64: =BA64*NF!E$6 -> 0.8198617 | CJ64: =BB64*NF!F$6 -> 0.66979298 | CK64: =BC64*NF!G$6 -> 0.99279078 | CL64: =BD64*NF!H$6 -> 0.79333899 | CM64: =BE64*NF!I$6 -> 0.64958976 | ... DM64: =CE64*NF!AI$6 -> 1
A65: Low | B65: Q9HCN6 | C65: Platelet glycoprotein VI OS=Homo sapiens OX=9606 GN=GP6 PE=1 SV=4 | D65: 0.059 | E65: 2.033 | F65: 3 | G65: 1 | H65: 2 | I65: 1 | J65: 339 | K65: 36.8 | L65: 9.2 | M65: 4.28 | N65: 1 | O65: 0 | P65: 18.6 | Q65: 31.5 | R65: 29.7 | S65: 63.6 | T65: 59.5 | U65: 66.4 | V65: 81.4 | W65: 78.7 | X65: 27.3 | Y65: 42.6 | Z65: 84.9 | AA65: 34 | AB65: 17 | AC65: 32.9 | AD65: 48.5 | AE65: 33.6 | AF65: 47.1 | AG65: 40.9 | AH65: 66.2 | AI65: 64.6 | AJ65: 79.5 | AK65: 31 | AL65: 78 | AM65: 137 | AN65: 24.9 | AO65: 37 | AP65: 30.7 | AQ65: 74.4 | AR65: 22.2 | AS65: 43.5 | AT65: 20.5 | AU65: 33.6 | AV65: 60.3 | AW65: 66.7 | AX65: =P65/$AF65 -> 0.39490446 | AY65: =Q65/$AF65 -> 0.66878981 | AZ65: =R65/$AF65 -> 0.63057325 | BA65: =S65/$AF65 -> 1.3503185 | BB65: =T65/$AF65 -> 1.2632696 | BC65: =U65/$AF65 -> 1.4097665 | BD65: =V65/$AF65 -> 1.7282378 | BE65: =W65/$AF65 -> 1.670913 | ... BN65: =AF65/$AF65 -> 1 | BO65: =AG65/$AW65 -> 0.6131934 | BP65: =AH65/$AW65 -> 0.99250375 | BQ65: =AI65/$AW65 -> 0.96851574 | BR65: =AJ65/$AW65 -> 1.191904 | BS65: =AK65/$AW65 -> 0.46476762 | BT65: =AL65/$AW65 -> 1.1694153 | BU65: =AM65/$AW65 -> 2.053973 | BV65: =AN65/$AW65 -> 0.37331334 | ... CE65: =AW65/$AW65 -> 1 | CF65: =AX65*NF!B$6 -> 0.40423292 | CG65: =AY65*NF!C$6 -> 0.60140443 | CH65: =AZ65*NF!D$6 -> 0.5723873 | CI65: =BA65*NF!E$6 -> 1.1232224 | CJ65: =BB65*NF!F$6 -> 1.0163744 | CK65: =BC65*NF!G$6 -> 1.0473388 | CL65: =BD65*NF!H$6 -> 1.2514176 | CM65: =BE65*NF!I$6 -> 1.3560798 | ... DM65: =CE65*NF!AI$6 -> 1
A66: High | B66: Q15771 | C66: Ras-related protein Rab-30 OS=Homo sapiens OX=9606 GN=RAB30 PE=1 SV=2 | D66: 0.001 | E66: 5.65 | F66: 11 | G66: 2 | H66: 3 | I66: 1 | J66: 203 | K66: 23 | L66: 4.97 | M66: 5.1 | N66: 2 | O66: 0 | AG66: 41 | AH66: 85.8 | AI66: 54.2 | AJ66: 87.6 | AK66: 119.6 | AL66: 62.4 | AM66: 94.4 | AN66: 69.4 | AO66: 58.6 | AP66: 88.3 | AQ66: 36.4 | AR66: 58 | AS66: 64.4 | AT66: 32.6 | AU66: 40.5 | AV66: 75 | AW66: 42.6 | AX66: 0 | AY66: 0 | AZ66: 0 | BA66: 0 | BB66: 0 | BC66: 0 | BD66: 0 | BE66: 0 | BF66: 0 | BG66: 0 | BH66: 0 | BI66: 0 | BJ66: 0 | BK66: 0 | BL66: 0 | BM66: 0 | BN66: 0 | BO66: =AG66/$AW66 -> 0.96244131 | BP66: =AH66/$AW66 -> 2.0140845 | BQ66: =AI66/$AW66 -> 1.2723005 | BR66: =AJ66/$AW66 -> 2.056338 | BS66: =AK66/$AW66 -> 2.8075117 | BT66: =AL66/$AW66 -> 1.4647887 | BU66: =AM66/$AW66 -> 2.2159624 | BV66: =AN66/$AW66 -> 1.629108 | ... CE66: =AW66/$AW66 -> 1 | CF66: =AX66*NF!B$6 -> 0 | CG66: =AY66*NF!C$6 -> 0 | CH66: =AZ66*NF!D$6 -> 0 | CI66: =BA66*NF!E$6 -> 0 | CJ66: =BB66*NF!F$6 -> 0 | CK66: =BC66*NF!G$6 -> 0 | CL66: =BD66*NF!H$6 -> 0 | CM66: =BE66*NF!I$6 -> 0 | ... DM66: =CE66*NF!AI$6 -> 1
A67: Medium | B67: P35613 | C67: Basigin OS=Homo sapiens OX=9606 GN=BSG PE=1 SV=2 | D67: 0.013 | E67: 3.786 | F67: 2 | G67: 1 | H67: 3 | I67: 1 | J67: 385 | K67: 42.2 | L67: 5.66 | M67: 0 | N67: 1 | O67: 0 | P67: 56.9 | Q67: 44 | R67: 46 | S67: 59.5 | T67: 59.2 | U67: 55.4 | V67: 53.5 | W67: 60.2 | X67: 41.2 | Y67: 44.2 | Z67: 57.8 | AA67: 45.5 | AB67: 40.2 | AC67: 41.9 | AD67: 44.2 | AE67: 31.3 | AF67: 37.2 | AG67: 41.3 | AH67: 51.3 | AI67: 51.4 | AJ67: 31.2 | AK67: 37.1 | AL67: 31.9 | AM67: 41.3 | AN67: 18.5 | AO67: 32.7 | AP67: 24.9 | AQ67: 31.6 | AR67: 26.7 | AS67: 30.7 | AT67: 28.6 | AU67: 34.2 | AV67: 51.5 | AW67: 27.4 | AX67: =P67/$AF67 -> 1.5295699 | AY67: =Q67/$AF67 -> 1.1827957 | AZ67: =R67/$AF67 -> 1.2365591 | BA67: =S67/$AF67 -> 1.5994624 | BB67: =T67/$AF67 -> 1.5913978 | BC67: =U67/$AF67 -> 1.4892473 | BD67: =V67/$AF67 -> 1.438172 | BE67: =W67/$AF67 -> 1.6182796 | ... BN67: =AF67/$AF67 -> 1 | BO67: =AG67/$AW67 -> 1.5072993 | BP67: =AH67/$AW67 -> 1.8722628 | BQ67: =AI67/$AW67 -> 1.8759124 | BR67: =AJ67/$AW67 -> 1.1386861 | BS67: =AK67/$AW67 -> 1.3540146 | BT67: =AL67/$AW67 -> 1.1642336 | BU67: =AM67/$AW67 -> 1.5072993 | BV67: =AN67/$AW67 -> 0.67518248 | ... CE67: =AW67/$AW67 -> 1 | CF67: =AX67*NF!B$6 -> 1.5657015 | CG67: =AY67*NF!C$6 -> 1.0636205 | CH67: =AZ67*NF!D$6 -> 1.122456 | CI67: =BA67*NF!E$6 -> 1.3304653 | CJ67: =BB67*NF!F$6 -> 1.2803728 | CK67: =BC67*NF!G$6 -> 1.1063864 | CL67: =BD67*NF!H$6 -> 1.0413809 | CM67: =BE67*NF!I$6 -> 1.3133636 | ... DM67: =CE67*NF!AI$6 -> 1
A68: Medium | B68: P13535 | C68: Myosin-8 OS=Homo sapiens OX=9606 GN=MYH8 PE=1 SV=3 | D68: 0.019 | E68: 3.439 | F68: 1 | G68: 2 | H68: 4 | I68: 1 | J68: 1937 | K68: 222.6 | L68: 5.74 | M68: 6.44 | N68: 2 | O68: 0 | AG68: 41.4 | AH68: 55 | AI68: 47.6 | AJ68: 66.4 | AK68: 67.7 | AL68: 48.1 | AM68: 58.7 | AN68: 61.7 | AO68: 46.7 | AP68: 46 | AQ68: 60.4 | AR68: 50.6 | AS68: 49.7 | AT68: 43.7 | AU68: 46.2 | AV68: 48 | AW68: 65.8 | AX68: 0 | AY68: 0 | AZ68: 0 | BA68: 0 | BB68: 0 | BC68: 0 | BD68: 0 | BE68: 0 | BF68: 0 | BG68: 0 | BH68: 0 | BI68: 0 | BJ68: 0 | BK68: 0 | BL68: 0 | BM68: 0 | BN68: 0 | BO68: =AG68/$AW68 -> 0.62917933 | BP68: =AH68/$AW68 -> 0.83586626 | BQ68: =AI68/$AW68 -> 0.72340426 | BR68: =AJ68/$AW68 -> 1.0091185 | BS68: =AK68/$AW68 -> 1.0288754 | BT68: =AL68/$AW68 -> 0.73100304 | BU68: =AM68/$AW68 -> 0.89209726 | BV68: =AN68/$AW68 -> 0.93768997 | ... CE68: =AW68/$AW68 -> 1 | CF68: =AX68*NF!B$6 -> 0 | CG68: =AY68*NF!C$6 -> 0 | CH68: =AZ68*NF!D$6 -> 0 | CI68: =BA68*NF!E$6 -> 0 | CJ68: =BB68*NF!F$6 -> 0 | CK68: =BC68*NF!G$6 -> 0 | CL68: =BD68*NF!H$6 -> 0 | CM68: =BE68*NF!I$6 -> 0 | ... DM68: =CE68*NF!AI$6 -> 1
A69: High | B69: P18827 | C69: Syndecan-1 OS=Homo sapiens OX=9606 GN=SDC1 PE=1 SV=3 | D69: 0.001 | E69: 5.775 | F69: 5 | G69: 1 | H69: 3 | I69: 1 | J69: 310 | K69: 32.4 | L69: 4.63 | M69: 6.18 | N69: 1 | O69: 0 | AG69: 43.2 | AH69: 48.5 | AI69: 46.4 | AJ69: 64.3 | AK69: 44.8 | AL69: 44.8 | AM69: 44.9 | AN69: 39.6 | AO69: 35 | AP69: 47.2 | AQ69: 42.9 | AR69: 46.9 | AS69: 34.3 | AT69: 43.5 | AU69: 47.2 | AV69: 39.6 | AW69: 37.4 | AX69: 0 | AY69: 0 | AZ69: 0 | BA69: 0 | BB69: 0 | BC69: 0 | BD69: 0 | BE69: 0 | BF69: 0 | BG69: 0 | BH69: 0 | BI69: 0 | BJ69: 0 | BK69: 0 | BL69: 0 | BM69: 0 | BN69: 0 | BO69: =AG69/$AW69 -> 1.1550802 | BP69: =AH69/$AW69 -> 1.2967914 | BQ69: =AI69/$AW69 -> 1.2406417 | BR69: =AJ69/$AW69 -> 1.7192513 | BS69: =AK69/$AW69 -> 1.197861 | BT69: =AL69/$AW69 -> 1.197861 | BU69: =AM69/$AW69 -> 1.2005348 | BV69: =AN69/$AW69 -> 1.0588235 | ... CE69: =AW69/$AW69 -> 1 | CF69: =AX69*NF!B$6 -> 0 | CG69: =AY69*NF!C$6 -> 0 | CH69: =AZ69*NF!D$6 -> 0 | CI69: =BA69*NF!E$6 -> 0 | CJ69: =BB69*NF!F$6 -> 0 | CK69: =BC69*NF!G$6 -> 0 | CL69: =BD69*NF!H$6 -> 0 | CM69: =BE69*NF!I$6 -> 0 | ... DM69: =CE69*NF!AI$6 -> 1
A70: Low | B70: Q8NFY4 | C70: Semaphorin-6D OS=Homo sapiens OX=9606 GN=SEMA6D PE=1 SV=1 | D70: 0.119 | E70: 1.556 | F70: 1 | G70: 1 | H70: 1 | I70: 1 | J70: 1073 | K70: 119.8 | L70: 8.51 | M70: 2.44 | N70: 1 | O70: 0 | AG70: 43.3 | AH70: 39.4 | AI70: 32 | AJ70: 36.4 | AK70: 36.7 | AL70: 38.3 | AM70: 34.2 | AN70: 36.2 | AO70: 29.9 | AP70: 31 | AQ70: 35.7 | AR70: 34.1 | AS70: 31.5 | AT70: 41.2 | AU70: 35.9 | AV70: 31.9 | AW70: 31.1 | AX70: 0 | AY70: 0 | AZ70: 0 | BA70: 0 | BB70: 0 | BC70: 0 | BD70: 0 | BE70: 0 | BF70: 0 | BG70: 0 | BH70: 0 | BI70: 0 | BJ70: 0 | BK70: 0 | BL70: 0 | BM70: 0 | BN70: 0 | BO70: =AG70/$AW70 -> 1.392283 | BP70: =AH70/$AW70 -> 1.266881 | BQ70: =AI70/$AW70 -> 1.0289389 | BR70: =AJ70/$AW70 -> 1.170418 | BS70: =AK70/$AW70 -> 1.1800643 | BT70: =AL70/$AW70 -> 1.2315113 | BU70: =AM70/$AW70 -> 1.0996785 | BV70: =AN70/$AW70 -> 1.1639871 | ... CE70: =AW70/$AW70 -> 1 | CF70: =AX70*NF!B$6 -> 0 | CG70: =AY70*NF!C$6 -> 0 | CH70: =AZ70*NF!D$6 -> 0 | CI70: =BA70*NF!E$6 -> 0 | CJ70: =BB70*NF!F$6 -> 0 | CK70: =BC70*NF!G$6 -> 0 | CL70: =BD70*NF!H$6 -> 0 | CM70: =BE70*NF!I$6 -> 0 | ... DM70: =CE70*NF!AI$6 -> 1
A71: Low | B71: Q8TBC5 | C71: Zinc finger and SCAN domain-containing protein 18 OS=Homo sapiens OX=9606 GN=ZSCAN18 PE=1 SV=2 | D71: 0.253 | E71: 0.888 | F71: 3 | G71: 1 | H71: 1 | I71: 1 | J71: 510 | K71: 54.8 | L71: 4.82 | M71: 0 | N71: 1 | O71: 0 | AG71: 43.7 | AH71: 48 | AI71: 26.6 | AJ71: 43.3 | AK71: 40.1 | AL71: 34.7 | AM71: 46.6 | AN71: 26.7 | AO71: 30.7 | AP71: 44.7 | AQ71: 37.1 | AR71: 27.6 | AS71: 47.2 | AT71: 24.6 | AU71: 43.6 | AV71: 41.1 | AW71: 32.9 | AX71: 0 | AY71: 0 | AZ71: 0 | BA71: 0 | BB71: 0 | BC71: 0 | BD71: 0 | BE71: 0 | BF71: 0 | BG71: 0 | BH71: 0 | BI71: 0 | BJ71: 0 | BK71: 0 | BL71: 0 | BM71: 0 | BN71: 0 | BO71: =AG71/$AW71 -> 1.3282675 | BP71: =AH71/$AW71 -> 1.4589666 | BQ71: =AI71/$AW71 -> 0.80851064 | BR71: =AJ71/$AW71 -> 1.3161094 | BS71: =AK71/$AW71 -> 1.218845 | BT71: =AL71/$AW71 -> 1.0547112 | BU71: =AM71/$AW71 -> 1.4164134 | BV71: =AN71/$AW71 -> 0.81155015 | ... CE71: =AW71/$AW71 -> 1 | CF71: =AX71*NF!B$6 -> 0 | CG71: =AY71*NF!C$6 -> 0 | CH71: =AZ71*NF!D$6 -> 0 | CI71: =BA71*NF!E$6 -> 0 | CJ71: =BB71*NF!F$6 -> 0 | CK71: =BC71*NF!G$6 -> 0 | CL71: =BD71*NF!H$6 -> 0 | CM71: =BE71*NF!I$6 -> 0 | ... DM71: =CE71*NF!AI$6 -> 1
A72: High | B72: Q8N3T6 | C72: Transmembrane protein 132C OS=Homo sapiens OX=9606 GN=TMEM132C PE=2 SV=3 | D72: 0 | E72: 15.77 | F72: 3 | G72: 4 | H72: 5 | I72: 4 | J72: 1108 | K72: 121.7 | L72: 6.35 | M72: 12.85 | N72: 4 | O72: 0 | P72: 120 | Q72: 149.6 | R72: 159.4 | S72: 149.6 | T72: 181.6 | U72: 141.8 | V72: 171.5 | W72: 152.3 | X72: 192.8 | Y72: 149.5 | Z72: 181.1 | AA72: 133.4 | AB72: 115.4 | AC72: 165.9 | AD72: 148 | AE72: 137.2 | AF72: 194 | AG72: 44 | AH72: 46.8 | AI72: 38 | AJ72: 26.1 | AK72: 48.4 | AL72: 35.8 | AM72: 48.3 | AN72: 41.6 | AO72: 41.9 | AP72: 36.9 | AQ72: 36.1 | AR72: 30.2 | AS72: 37.5 | AT72: 25.3 | AU72: 27.4 | AV72: 31.4 | AW72: 28.6 | AX72: =P72/$AF72 -> 0.6185567 | AY72: =Q72/$AF72 -> 0.77113402 | AZ72: =R72/$AF72 -> 0.82164948 | BA72: =S72/$AF72 -> 0.77113402 | BB72: =T72/$AF72 -> 0.93608247 | BC72: =U72/$AF72 -> 0.73092784 | BD72: =V72/$AF72 -> 0.88402062 | BE72: =W72/$AF72 -> 0.78505155 | ... BN72: =AF72/$AF72 -> 1 | BO72: =AG72/$AW72 -> 1.5384615 | BP72: =AH72/$AW72 -> 1.6363636 | BQ72: =AI72/$AW72 -> 1.3286713 | BR72: =AJ72/$AW72 -> 0.91258741 | BS72: =AK72/$AW72 -> 1.6923077 | BT72: =AL72/$AW72 -> 1.2517483 | BU72: =AM72/$AW72 -> 1.6888112 | BV72: =AN72/$AW72 -> 1.4545455 | ... CE72: =AW72/$AW72 -> 1 | CF72: =AX72*NF!B$6 -> 0.63316828 | CG72: =AY72*NF!C$6 -> 0.69343673 | CH72: =AZ72*NF!D$6 -> 0.74583204 | CI72: =BA72*NF!E$6 -> 0.64144496 | CJ72: =BB72*NF!F$6 -> 0.75313317 | CK72: =BC72*NF!G$6 -> 0.54301835 | CL72: =BD72*NF!H$6 -> 0.64011966 | CM72: =BE72*NF!I$6 -> 0.63713228 | ... DM72: =CE72*NF!AI$6 -> 1
A73: Low | B73: P24863 | C73: Cyclin-C OS=Homo sapiens OX=9606 GN=CCNC PE=1 SV=2 | D73: 0.21 | E73: 1.062 | F73: 4 | G73: 1 | H73: 1 | I73: 1 | J73: 283 | K73: 33.2 | L73: 7.33 | M73: 0 | N73: 1 | O73: 0 | AG73: 44.4 | AH73: 53 | AI73: 38.5 | AJ73: 52 | AK73: 55.9 | AL73: 30.8 | AM73: 48.1 | AN73: 39.8 | AO73: 32 | AP73: 43.1 | AQ73: 36.7 | AR73: 44.7 | AS73: 44.2 | AT73: 39.6 | AU73: 40.3 | AV73: 41.3 | AW73: 41.5 | AX73: 0 | AY73: 0 | AZ73: 0 | BA73: 0 | BB73: 0 | BC73: 0 | BD73: 0 | BE73: 0 | BF73: 0 | BG73: 0 | BH73: 0 | BI73: 0 | BJ73: 0 | BK73: 0 | BL73: 0 | BM73: 0 | BN73: 0 | BO73: =AG73/$AW73 -> 1.0698795 | BP73: =AH73/$AW73 -> 1.2771084 | BQ73: =AI73/$AW73 -> 0.92771084 | BR73: =AJ73/$AW73 -> 1.253012 | BS73: =AK73/$AW73 -> 1.346988 | BT73: =AL73/$AW73 -> 0.74216867 | BU73: =AM73/$AW73 -> 1.1590361 | BV73: =AN73/$AW73 -> 0.95903614 | ... CE73: =AW73/$AW73 -> 1 | CF73: =AX73*NF!B$6 -> 0 | CG73: =AY73*NF!C$6 -> 0 | CH73: =AZ73*NF!D$6 -> 0 | CI73: =BA73*NF!E$6 -> 0 | CJ73: =BB73*NF!F$6 -> 0 | CK73: =BC73*NF!G$6 -> 0 | CL73: =BD73*NF!H$6 -> 0 | CM73: =BE73*NF!I$6 -> 0 | ... DM73: =CE73*NF!AI$6 -> 1
A74: Low | B74: Q8TDI8 | C74: Transmembrane channel-like protein 1 OS=Homo sapiens OX=9606 GN=TMC1 PE=1 SV=2 | D74: 0.115 | E74: 1.589 | F74: 2 | G74: 1 | H74: 1 | I74: 1 | J74: 760 | K74: 87.7 | L74: 6.52 | M74: 0 | N74: 1 | O74: 0 | AG74: 45.7 | AH74: 49.9 | AI74: 46.5 | AJ74: 50.3 | AK74: 43.4 | AL74: 39.4 | AM74: 49.6 | AN74: 46.5 | AO74: 48.6 | AP74: 42.9 | AQ74: 37.6 | AR74: 53.2 | AS74: 39.5 | AT74: 47.7 | AU74: 39.1 | AV74: 39.8 | AW74: 42.9 | AX74: 0 | AY74: 0 | AZ74: 0 | BA74: 0 | BB74: 0 | BC74: 0 | BD74: 0 | BE74: 0 | BF74: 0 | BG74: 0 | BH74: 0 | BI74: 0 | BJ74: 0 | BK74: 0 | BL74: 0 | BM74: 0 | BN74: 0 | BO74: =AG74/$AW74 -> 1.0652681 | BP74: =AH74/$AW74 -> 1.1631702 | BQ74: =AI74/$AW74 -> 1.0839161 | BR74: =AJ74/$AW74 -> 1.1724942 | BS74: =AK74/$AW74 -> 1.011655 | BT74: =AL74/$AW74 -> 0.91841492 | BU74: =AM74/$AW74 -> 1.1561772 | BV74: =AN74/$AW74 -> 1.0839161 | ... CE74: =AW74/$AW74 -> 1 | CF74: =AX74*NF!B$6 -> 0 | CG74: =AY74*NF!C$6 -> 0 | CH74: =AZ74*NF!D$6 -> 0 | CI74: =BA74*NF!E$6 -> 0 | CJ74: =BB74*NF!F$6 -> 0 | CK74: =BC74*NF!G$6 -> 0 | CL74: =BD74*NF!H$6 -> 0 | CM74: =BE74*NF!I$6 -> 0 | ... DM74: =CE74*NF!AI$6 -> 1
A75: Low | B75: Q8NI36 | C75: WD repeat-containing protein 36 OS=Homo sapiens OX=9606 GN=WDR36 PE=1 SV=1 | D75: 0.268 | E75: 0.829 | F75: 2 | G75: 1 | H75: 1 | I75: 1 | J75: 951 | K75: 105.3 | L75: 7.53 | M75: 0 | N75: 1 | O75: 0 | AG75: 46.4 | AH75: 35.4 | AI75: 37.6 | AJ75: 22.6 | AK75: 26.4 | AL75: 35.5 | AM75: 23.6 | AN75: 26.8 | AO75: 28.6 | AP75: 26.5 | AQ75: 29 | AR75: 30.8 | AS75: 24.6 | AT75: 39.1 | AU75: 26 | AV75: 31.5 | AW75: 20.6 | AX75: 0 | AY75: 0 | AZ75: 0 | BA75: 0 | BB75: 0 | BC75: 0 | BD75: 0 | BE75: 0 | BF75: 0 | BG75: 0 | BH75: 0 | BI75: 0 | BJ75: 0 | BK75: 0 | BL75: 0 | BM75: 0 | BN75: 0 | BO75: =AG75/$AW75 -> 2.2524272 | BP75: =AH75/$AW75 -> 1.7184466 | BQ75: =AI75/$AW75 -> 1.8252427 | BR75: =AJ75/$AW75 -> 1.0970874 | BS75: =AK75/$AW75 -> 1.2815534 | BT75: =AL75/$AW75 -> 1.723301 | BU75: =AM75/$AW75 -> 1.1456311 | BV75: =AN75/$AW75 -> 1.3009709 | ... CE75: =AW75/$AW75 -> 1 | CF75: =AX75*NF!B$6 -> 0 | CG75: =AY75*NF!C$6 -> 0 | CH75: =AZ75*NF!D$6 -> 0 | CI75: =BA75*NF!E$6 -> 0 | CJ75: =BB75*NF!F$6 -> 0 | CK75: =BC75*NF!G$6 -> 0 | CL75: =BD75*NF!H$6 -> 0 | CM75: =BE75*NF!I$6 -> 0 | ... DM75: =CE75*NF!AI$6 -> 1
A76: High | B76: O14960 | C76: Leukocyte cell-derived chemotaxin-2 OS=Homo sapiens OX=9606 GN=LECT2 PE=1 SV=2 | D76: 0.003 | E76: 4.819 | F76: 7 | G76: 1 | H76: 2 | I76: 1 | J76: 151 | K76: 16.4 | L76: 9.39 | M76: 6.13 | N76: 1 | O76: 0 | P76: 6.8 | Q76: 12.5 | R76: 9.7 | S76: 15.3 | T76: 17.2 | U76: 12.6 | V76: 12.3 | W76: 17.9 | X76: 17.1 | Y76: 16.4 | Z76: 22.1 | AA76: 14.6 | AB76: 9 | AC76: 17.9 | AD76: 15.2 | AE76: 16.4 | AF76: 18 | AG76: 46.8 | AH76: 61.1 | AI76: 38.1 | AJ76: 65.8 | AK76: 47.1 | AL76: 60.7 | AM76: 67.9 | AN76: 53 | AO76: 28 | AP76: 46.5 | AQ76: 40.5 | AR76: 51.5 | AS76: 45.2 | AT76: 41 | AU76: 45 | AV76: 48 | AW76: 54.1 | AX76: =P76/$AF76 -> 0.37777778 | AY76: =Q76/$AF76 -> 0.69444444 | AZ76: =R76/$AF76 -> 0.53888889 | BA76: =S76/$AF76 -> 0.85 | BB76: =T76/$AF76 -> 0.95555556 | BC76: =U76/$AF76 -> 0.7 | BD76: =V76/$AF76 -> 0.68333333 | BE76: =W76/$AF76 -> 0.99444444 | ... BN76: =AF76/$AF76 -> 1 | BO76: =AG76/$AW76 -> 0.8650647 | BP76: =AH76/$AW76 -> 1.12939 | BQ76: =AI76/$AW76 -> 0.70425139 | BR76: =AJ76/$AW76 -> 1.2162662 | BS76: =AK76/$AW76 -> 0.87060998 | BT76: =AL76/$AW76 -> 1.1219963 | BU76: =AM76/$AW76 -> 1.2550832 | BV76: =AN76/$AW76 -> 0.97966728 | ... CE76: =AW76/$AW76 -> 1 | CF76: =AX76*NF!B$6 -> 0.38670167 | CG76: =AY76*NF!C$6 -> 0.62447418 | CH76: =AZ76*NF!D$6 -> 0.48916309 | CI76: =BA76*NF!E$6 -> 0.70704728 | CJ76: =BB76*NF!F$6 -> 0.7688004 | CK76: =BC76*NF!G$6 -> 0.52004155 | CL76: =BD76*NF!H$6 -> 0.49480192 | CM76: =BE76*NF!I$6 -> 0.80707141 | ... DM76: =CE76*NF!AI$6 -> 1
A77: Low | B77: Q8N5U0 | C77: Uncharacterized protein C11orf42 OS=Homo sapiens OX=9606 GN=C11orf42 PE=2 SV=2 | D77: 0.266 | E77: 0.838 | F77: 5 | G77: 1 | H77: 1 | I77: 1 | J77: 333 | K77: 36.3 | L77: 8.34 | M77: 0 | N77: 1 | O77: 0 | AG77: 47.8 | AH77: 41.8 | AI77: 52.4 | AJ77: 21.6 | AK77: 25.9 | AL77: 63.8 | AM77: 34.7 | AN77: 45.9 | AO77: 24.3 | AP77: 29.6 | AQ77: 45.6 | AR77: 41.2 | AS77: 43.2 | AT77: 46.6 | AU77: 41.5 | AV77: 43.6 | AW77: 28 | AX77: 0 | AY77: 0 | AZ77: 0 | BA77: 0 | BB77: 0 | BC77: 0 | BD77: 0 | BE77: 0 | BF77: 0 | BG77: 0 | BH77: 0 | BI77: 0 | BJ77: 0 | BK77: 0 | BL77: 0 | BM77: 0 | BN77: 0 | BO77: =AG77/$AW77 -> 1.7071429 | BP77: =AH77/$AW77 -> 1.4928571 | BQ77: =AI77/$AW77 -> 1.8714286 | BR77: =AJ77/$AW77 -> 0.77142857 | BS77: =AK77/$AW77 -> 0.925 | BT77: =AL77/$AW77 -> 2.2785714 | BU77: =AM77/$AW77 -> 1.2392857 | BV77: =AN77/$AW77 -> 1.6392857 | ... CE77: =AW77/$AW77 -> 1 | CF77: =AX77*NF!B$6 -> 0 | CG77: =AY77*NF!C$6 -> 0 | CH77: =AZ77*NF!D$6 -> 0 | CI77: =BA77*NF!E$6 -> 0 | CJ77: =BB77*NF!F$6 -> 0 | CK77: =BC77*NF!G$6 -> 0 | CL77: =BD77*NF!H$6 -> 0 | CM77: =BE77*NF!I$6 -> 0 | ... DM77: =CE77*NF!AI$6 -> 1
A78: High | B78: P06331 | C78: Immunoglobulin heavy variable 4-34 OS=Homo sapiens OX=9606 GN=IGHV4-34 PE=1 SV=2 | D78: 0.006 | E78: 4.413 | F78: 7 | G78: 1 | H78: 1 | I78: 1 | J78: 123 | K78: 13.8 | L78: 9.33 | M78: 3.34 | N78: 1 | O78: 0 | AG78: 48.1 | AH78: 70.5 | AI78: 48.5 | AJ78: 131.3 | AK78: 96.9 | AL78: 200.8 | AM78: 99 | AN78: 132 | AO78: 81.3 | AP78: 75.7 | AQ78: 98.3 | AR78: 41.8 | AS78: 60 | AT78: 43.8 | AU78: 48.7 | AV78: 102.4 | AW78: 139.6 | AX78: 0 | AY78: 0 | AZ78: 0 | BA78: 0 | BB78: 0 | BC78: 0 | BD78: 0 | BE78: 0 | BF78: 0 | BG78: 0 | BH78: 0 | BI78: 0 | BJ78: 0 | BK78: 0 | BL78: 0 | BM78: 0 | BN78: 0 | BO78: =AG78/$AW78 -> 0.34455587 | BP78: =AH78/$AW78 -> 0.50501433 | BQ78: =AI78/$AW78 -> 0.3474212 | BR78: =AJ78/$AW78 -> 0.94054441 | BS78: =AK78/$AW78 -> 0.69412607 | BT78: =AL78/$AW78 -> 1.4383954 | BU78: =AM78/$AW78 -> 0.70916905 | BV78: =AN78/$AW78 -> 0.94555874 | ... CE78: =AW78/$AW78 -> 1 | CF78: =AX78*NF!B$6 -> 0 | CG78: =AY78*NF!C$6 -> 0 | CH78: =AZ78*NF!D$6 -> 0 | CI78: =BA78*NF!E$6 -> 0 | CJ78: =BB78*NF!F$6 -> 0 | CK78: =BC78*NF!G$6 -> 0 | CL78: =BD78*NF!H$6 -> 0 | CM78: =BE78*NF!I$6 -> 0 | ... DM78: =CE78*NF!AI$6 -> 1
A79: Medium | B79: Q9P1A6 | C79: Disks large-associated protein 2 OS=Homo sapiens OX=9606 GN=DLGAP2 PE=1 SV=4 | D79: 0.031 | E79: 2.739 | F79: 1 | G79: 1 | H79: 5 | I79: 1 | J79: 1054 | K79: 117.5 | L79: 6.87 | M79: 4.84 | N79: 1 | O79: 0 | P79: 87.2 | Q79: 86.3 | R79: 80.8 | S79: 147.5 | T79: 111.3 | U79: 215.3 | V79: 149.8 | W79: 97.9 | X79: 138.6 | Y79: 94 | Z79: 190 | AA79: 77.8 | AB79: 99.4 | AC79: 66.3 | AD79: 74.3 | AE79: 103.5 | AF79: 108.1 | AG79: 48.5 | AH79: 68.9 | AI79: 46.1 | AJ79: 53.1 | AK79: 95.9 | AL79: 40.5 | AM79: 60.3 | AN79: 32.7 | AO79: 43.9 | AP79: 46.4 | AQ79: 32.6 | AR79: 29.6 | AS79: 39.2 | AT79: 54.8 | AU79: 43.9 | AV79: 54.2 | AW79: 51 | AX79: =P79/$AF79 -> 0.8066605 | AY79: =Q79/$AF79 -> 0.79833488 | AZ79: =R79/$AF79 -> 0.74745606 | BA79: =S79/$AF79 -> 1.3644773 | BB79: =T79/$AF79 -> 1.0296022 | BC79: =U79/$AF79 -> 1.9916744 | BD79: =V79/$AF79 -> 1.3857539 | BE79: =W79/$AF79 -> 0.90564292 | ... BN79: =AF79/$AF79 -> 1 | BO79: =AG79/$AW79 -> 0.95098039 | BP79: =AH79/$AW79 -> 1.3509804 | BQ79: =AI79/$AW79 -> 0.90392157 | BR79: =AJ79/$AW79 -> 1.0411765 | BS79: =AK79/$AW79 -> 1.8803922 | BT79: =AL79/$AW79 -> 0.79411765 | BU79: =AM79/$AW79 -> 1.1823529 | BV79: =AN79/$AW79 -> 0.64117647 | ... CE79: =AW79/$AW79 -> 1 | CF79: =AX79*NF!B$6 -> 0.82571548 | CG79: =AY79*NF!C$6 -> 0.7178969 | CH79: =AZ79*NF!D$6 -> 0.67848479 | CI79: =BA79*NF!E$6 -> 1.135 | CJ79: =BB79*NF!F$6 -> 0.82837528 | CK79: =BC79*NF!G$6 -> 1.4796477 | CL79: =BD79*NF!H$6 -> 1.0034249 | CM79: =BE79*NF!I$6 -> 0.73500185 | ... DM79: =CE79*NF!AI$6 -> 1
A80: Low | B80: Q86VD9 | C80: GPI mannosyltransferase 4 OS=Homo sapiens OX=9606 GN=PIGZ PE=2 SV=4 | D80: 0.206 | E80: 1.093 | F80: 3 | G80: 1 | H80: 1 | I80: 1 | J80: 579 | K80: 63.4 | L80: 8.34 | M80: 0 | N80: 1 | O80: 0 | AG80: 48.6 | AH80: 58.6 | AI80: 48.4 | AJ80: 72.6 | AK80: 65.9 | AL80: 59.3 | AM80: 63.4 | AN80: 58.5 | AO80: 76.6 | AP80: 58.9 | AQ80: 58.8 | AR80: 63.8 | AS80: 43.8 | AT80: 49.4 | AU80: 53.6 | AV80: 46.9 | AW80: 51.4 | AX80: 0 | AY80: 0 | AZ80: 0 | BA80: 0 | BB80: 0 | BC80: 0 | BD80: 0 | BE80: 0 | BF80: 0 | BG80: 0 | BH80: 0 | BI80: 0 | BJ80: 0 | BK80: 0 | BL80: 0 | BM80: 0 | BN80: 0 | BO80: =AG80/$AW80 -> 0.94552529 | BP80: =AH80/$AW80 -> 1.1400778 | BQ80: =AI80/$AW80 -> 0.94163424 | BR80: =AJ80/$AW80 -> 1.4124514 | BS80: =AK80/$AW80 -> 1.2821012 | BT80: =AL80/$AW80 -> 1.1536965 | BU80: =AM80/$AW80 -> 1.233463 | BV80: =AN80/$AW80 -> 1.1381323 | ... CE80: =AW80/$AW80 -> 1 | CF80: =AX80*NF!B$6 -> 0 | CG80: =AY80*NF!C$6 -> 0 | CH80: =AZ80*NF!D$6 -> 0 | CI80: =BA80*NF!E$6 -> 0 | CJ80: =BB80*NF!F$6 -> 0 | CK80: =BC80*NF!G$6 -> 0 | CL80: =BD80*NF!H$6 -> 0 | CM80: =BE80*NF!I$6 -> 0 | ... DM80: =CE80*NF!AI$6 -> 1
A81: Low | B81: Q5T1H1 | C81: Protein eyes shut homolog OS=Homo sapiens OX=9606 GN=EYS PE=1 SV=5 | D81: 0.15 | E81: 1.358 | F81: 0 | G81: 1 | H81: 2 | I81: 1 | J81: 3165 | K81: 350.6 | L81: 5.78 | M81: 2.1 | N81: 1 | O81: 0 | P81: 35.3 | Q81: 37.3 | R81: 32.9 | S81: 47.5 | T81: 36 | U81: 57.9 | V81: 45.1 | W81: 40.7 | X81: 45.1 | Y81: 35.1 | Z81: 47.1 | AA81: 35.3 | AB81: 34 | AC81: 33.2 | AD81: 24.5 | AE81: 36.3 | AF81: 35.1 | AG81: 48.9 | AH81: 70.9 | AI81: 48.3 | AJ81: 69.1 | AK81: 108.7 | AL81: 66.3 | AM81: 68.3 | AN81: 57.3 | AO81: 57.8 | AP81: 55.3 | AQ81: 45.4 | AR81: 46.4 | AS81: 55 | AT81: 39 | AU81: 50.7 | AV81: 56.5 | AW81: 48.9 | AX81: =P81/$AF81 -> 1.005698 | AY81: =Q81/$AF81 -> 1.0626781 | AZ81: =R81/$AF81 -> 0.93732194 | BA81: =S81/$AF81 -> 1.3532764 | BB81: =T81/$AF81 -> 1.025641 | BC81: =U81/$AF81 -> 1.6495726 | BD81: =V81/$AF81 -> 1.2849003 | BE81: =W81/$AF81 -> 1.1595442 | ... BN81: =AF81/$AF81 -> 1 | BO81: =AG81/$AW81 -> 1 | BP81: =AH81/$AW81 -> 1.4498978 | BQ81: =AI81/$AW81 -> 0.98773006 | BR81: =AJ81/$AW81 -> 1.4130879 | BS81: =AK81/$AW81 -> 2.2229039 | BT81: =AL81/$AW81 -> 1.3558282 | BU81: =AM81/$AW81 -> 1.396728 | BV81: =AN81/$AW81 -> 1.1717791 | ... CE81: =AW81/$AW81 -> 1 | CF81: =AX81*NF!B$6 -> 1.0294547 | CG81: =AY81*NF!C$6 -> 0.95560561 | CH81: =AZ81*NF!D$6 -> 0.85083085 | CI81: =BA81*NF!E$6 -> 1.1256828 | CJ81: =BB81*NF!F$6 -> 0.82518827 | CK81: =BC81*NF!G$6 -> 1.2254947 | CL81: =BD81*NF!H$6 -> 0.93039678 | CM81: =BE81*NF!I$6 -> 0.94106307 | ... DM81: =CE81*NF!AI$6 -> 1
A82: Low | B82: Q5T481 | C82: RNA-binding protein 20 OS=Homo sapiens OX=9606 GN=RBM20 PE=1 SV=3 | D82: 0.278 | E82: 0.805 | F82: 1 | G82: 1 | H82: 1 | I82: 1 | J82: 1227 | K82: 134.3 | L82: 5.69 | M82: 0 | N82: 1 | O82: 0 | AG82: 48.9 | AH82: 51.4 | AI82: 31.6 | AJ82: 26.8 | AK82: 19.3 | AL82: 68.1 | AM82: 28.4 | AN82: 33.8 | AO82: 25.2 | AP82: 33.3 | AQ82: 29.5 | AR82: 35.2 | AS82: 28.3 | AT82: 37.2 | AU82: 45.2 | AV82: 29.8 | AW82: 22.1 | AX82: 0 | AY82: 0 | AZ82: 0 | BA82: 0 | BB82: 0 | BC82: 0 | BD82: 0 | BE82: 0 | BF82: 0 | BG82: 0 | BH82: 0 | BI82: 0 | BJ82: 0 | BK82: 0 | BL82: 0 | BM82: 0 | BN82: 0 | BO82: =AG82/$AW82 -> 2.2126697 | BP82: =AH82/$AW82 -> 2.3257919 | BQ82: =AI82/$AW82 -> 1.4298643 | BR82: =AJ82/$AW82 -> 1.2126697 | BS82: =AK82/$AW82 -> 0.87330317 | BT82: =AL82/$AW82 -> 3.081448 | BU82: =AM82/$AW82 -> 1.2850679 | BV82: =AN82/$AW82 -> 1.5294118 | ... CE82: =AW82/$AW82 -> 1 | CF82: =AX82*NF!B$6 -> 0 | CG82: =AY82*NF!C$6 -> 0 | CH82: =AZ82*NF!D$6 -> 0 | CI82: =BA82*NF!E$6 -> 0 | CJ82: =BB82*NF!F$6 -> 0 | CK82: =BC82*NF!G$6 -> 0 | CL82: =BD82*NF!H$6 -> 0 | CM82: =BE82*NF!I$6 -> 0 | ... DM82: =CE82*NF!AI$6 -> 1
A83: Low | B83: Q9Y5A9 | C83: YTH domain-containing family protein 2 OS=Homo sapiens OX=9606 GN=YTHDF2 PE=1 SV=2 | D83: 0.171 | E83: 1.231 | F83: 3 | G83: 1 | H83: 1 | I83: 1 | J83: 579 | K83: 62.3 | L83: 8.79 | M83: 0 | N83: 1 | O83: 0 | AG83: 49.3 | AH83: 52.4 | AI83: 49.1 | AJ83: 53.6 | AK83: 62.2 | AL83: 44.3 | AM83: 51.4 | AN83: 46.6 | AO83: 40.1 | AP83: 46.5 | AQ83: 40.1 | AR83: 40.9 | AS83: 36.3 | AT83: 45.6 | AU83: 48.3 | AV83: 38.3 | AW83: 51.9 | AX83: 0 | AY83: 0 | AZ83: 0 | BA83: 0 | BB83: 0 | BC83: 0 | BD83: 0 | BE83: 0 | BF83: 0 | BG83: 0 | BH83: 0 | BI83: 0 | BJ83: 0 | BK83: 0 | BL83: 0 | BM83: 0 | BN83: 0 | BO83: =AG83/$AW83 -> 0.94990366 | BP83: =AH83/$AW83 -> 1.0096339 | BQ83: =AI83/$AW83 -> 0.9460501 | BR83: =AJ83/$AW83 -> 1.0327553 | BS83: =AK83/$AW83 -> 1.1984586 | BT83: =AL83/$AW83 -> 0.85356455 | BU83: =AM83/$AW83 -> 0.99036609 | BV83: =AN83/$AW83 -> 0.89788054 | ... CE83: =AW83/$AW83 -> 1 | CF83: =AX83*NF!B$6 -> 0 | CG83: =AY83*NF!C$6 -> 0 | CH83: =AZ83*NF!D$6 -> 0 | CI83: =BA83*NF!E$6 -> 0 | CJ83: =BB83*NF!F$6 -> 0 | CK83: =BC83*NF!G$6 -> 0 | CL83: =BD83*NF!H$6 -> 0 | CM83: =BE83*NF!I$6 -> 0 | ... DM83: =CE83*NF!AI$6 -> 1
A84: Low | B84: Q9UN71 | C84: Protocadherin gamma-B4 OS=Homo sapiens OX=9606 GN=PCDHGB4 PE=2 SV=1 | D84: 0.174 | E84: 1.198 | F84: 3 | G84: 1 | H84: 2 | I84: 1 | J84: 923 | K84: 99.9 | L84: 4.93 | M84: 0 | N84: 1 | O84: 0 | AG84: 49.8 | AH84: 47.7 | AI84: 36.4 | AJ84: 35.9 | AK84: 31.3 | AL84: 50 | AM84: 34 | AN84: 63 | AO84: 30.4 | AP84: 49.4 | AQ84: 48.5 | AR84: 42.4 | AS84: 47 | AT84: 51.7 | AU84: 53.6 | AV84: 42.8 | AW84: 37.8 | AX84: 0 | AY84: 0 | AZ84: 0 | BA84: 0 | BB84: 0 | BC84: 0 | BD84: 0 | BE84: 0 | BF84: 0 | BG84: 0 | BH84: 0 | BI84: 0 | BJ84: 0 | BK84: 0 | BL84: 0 | BM84: 0 | BN84: 0 | BO84: =AG84/$AW84 -> 1.3174603 | BP84: =AH84/$AW84 -> 1.2619048 | BQ84: =AI84/$AW84 -> 0.96296296 | BR84: =AJ84/$AW84 -> 0.94973545 | BS84: =AK84/$AW84 -> 0.82804233 | BT84: =AL84/$AW84 -> 1.3227513 | BU84: =AM84/$AW84 -> 0.8994709 | BV84: =AN84/$AW84 -> 1.6666667 | ... CE84: =AW84/$AW84 -> 1 | CF84: =AX84*NF!B$6 -> 0 | CG84: =AY84*NF!C$6 -> 0 | CH84: =AZ84*NF!D$6 -> 0 | CI84: =BA84*NF!E$6 -> 0 | CJ84: =BB84*NF!F$6 -> 0 | CK84: =BC84*NF!G$6 -> 0 | CL84: =BD84*NF!H$6 -> 0 | CM84: =BE84*NF!I$6 -> 0 | ... DM84: =CE84*NF!AI$6 -> 1
A85: Medium | B85: Q6P4E1 | C85: Protein CASC4 OS=Homo sapiens OX=9606 GN=CASC4 PE=1 SV=2 | D85: 0.038 | E85: 2.535 | F85: 2 | G85: 1 | H85: 1 | I85: 1 | J85: 436 | K85: 49.5 | L85: 5.29 | M85: 2.24 | N85: 1 | O85: 0 | AG85: 50 | AH85: 64.4 | AI85: 51.2 | AJ85: 70.6 | AK85: 80.1 | AL85: 67 | AM85: 75.7 | AN85: 66.8 | AO85: 56 | AP85: 63.2 | AQ85: 55.2 | AR85: 55 | AS85: 55.1 | AT85: 60 | AU85: 57.5 | AV85: 72.4 | AW85: 59.6 | AX85: 0 | AY85: 0 | AZ85: 0 | BA85: 0 | BB85: 0 | BC85: 0 | BD85: 0 | BE85: 0 | BF85: 0 | BG85: 0 | BH85: 0 | BI85: 0 | BJ85: 0 | BK85: 0 | BL85: 0 | BM85: 0 | BN85: 0 | BO85: =AG85/$AW85 -> 0.83892617 | BP85: =AH85/$AW85 -> 1.0805369 | BQ85: =AI85/$AW85 -> 0.8590604 | BR85: =AJ85/$AW85 -> 1.1845638 | BS85: =AK85/$AW85 -> 1.3439597 | BT85: =AL85/$AW85 -> 1.1241611 | BU85: =AM85/$AW85 -> 1.2701342 | BV85: =AN85/$AW85 -> 1.1208054 | ... CE85: =AW85/$AW85 -> 1 | CF85: =AX85*NF!B$6 -> 0 | CG85: =AY85*NF!C$6 -> 0 | CH85: =AZ85*NF!D$6 -> 0 | CI85: =BA85*NF!E$6 -> 0 | CJ85: =BB85*NF!F$6 -> 0 | CK85: =BC85*NF!G$6 -> 0 | CL85: =BD85*NF!H$6 -> 0 | CM85: =BE85*NF!I$6 -> 0 | ... DM85: =CE85*NF!AI$6 -> 1
A86: Low | B86: Q00587 | C86: Cdc42 effector protein 1 OS=Homo sapiens OX=9606 GN=CDC42EP1 PE=1 SV=1 | D86: 0.282 | E86: 0.788 | F86: 2 | G86: 1 | H86: 1 | I86: 1 | J86: 391 | K86: 40.3 | L86: 7.15 | M86: 0 | N86: 1 | O86: 0 | AG86: 50.6 | AH86: 88.9 | AI86: 59.4 | AJ86: 63.7 | AK86: 107.8 | AL86: 50.1 | AM86: 72.4 | AN86: 41.9 | AO86: 81.2 | AP86: 66.5 | AQ86: 28.3 | AR86: 53 | AS86: 54.8 | AT86: 38.3 | AU86: 51.4 | AV86: 70.5 | AW86: 49.3 | AX86: 0 | AY86: 0 | AZ86: 0 | BA86: 0 | BB86: 0 | BC86: 0 | BD86: 0 | BE86: 0 | BF86: 0 | BG86: 0 | BH86: 0 | BI86: 0 | BJ86: 0 | BK86: 0 | BL86: 0 | BM86: 0 | BN86: 0 | BO86: =AG86/$AW86 -> 1.0263692 | BP86: =AH86/$AW86 -> 1.8032454 | BQ86: =AI86/$AW86 -> 1.2048682 | BR86: =AJ86/$AW86 -> 1.2920892 | BS86: =AK86/$AW86 -> 2.1866126 | BT86: =AL86/$AW86 -> 1.0162272 | BU86: =AM86/$AW86 -> 1.4685598 | BV86: =AN86/$AW86 -> 0.84989858 | ... CE86: =AW86/$AW86 -> 1 | CF86: =AX86*NF!B$6 -> 0 | CG86: =AY86*NF!C$6 -> 0 | CH86: =AZ86*NF!D$6 -> 0 | CI86: =BA86*NF!E$6 -> 0 | CJ86: =BB86*NF!F$6 -> 0 | CK86: =BC86*NF!G$6 -> 0 | CL86: =BD86*NF!H$6 -> 0 | CM86: =BE86*NF!I$6 -> 0 | ... DM86: =CE86*NF!AI$6 -> 1
A87: Medium | B87: O60469 | C87: Down syndrome cell adhesion molecule OS=Homo sapiens OX=9606 GN=DSCAM PE=1 SV=2 | D87: 0.032 | E87: 2.712 | F87: 1 | G87: 2 | H87: 4 | I87: 2 | J87: 2012 | K87: 222.1 | L87: 7.68 | M87: 6.67 | N87: 2 | O87: 0 | P87: 69.4 | Q87: 59.1 | R87: 60.9 | S87: 81.9 | T87: 90.4 | U87: 99.9 | V87: 99.5 | W87: 66.6 | X87: 100.7 | Y87: 63.6 | Z87: 93.2 | AA87: 61.1 | AB87: 61.5 | AC87: 85.3 | AD87: 62.4 | AE87: 61.2 | AF87: 66.8 | AG87: 50.7 | AH87: 59.5 | AI87: 58.2 | AJ87: 83.4 | AK87: 128.9 | AL87: 55.4 | AM87: 88.3 | AN87: 58.3 | AO87: 41.2 | AP87: 69 | AQ87: 56.9 | AR87: 56.2 | AS87: 49.8 | AT87: 27.7 | AU87: 69.2 | AV87: 69.6 | AW87: 43.3 | AX87: =P87/$AF87 -> 1.0389222 | AY87: =Q87/$AF87 -> 0.88473054 | AZ87: =R87/$AF87 -> 0.91167665 | BA87: =S87/$AF87 -> 1.2260479 | BB87: =T87/$AF87 -> 1.3532934 | BC87: =U87/$AF87 -> 1.495509 | BD87: =V87/$AF87 -> 1.489521 | BE87: =W87/$AF87 -> 0.99700599 | ... BN87: =AF87/$AF87 -> 1 | BO87: =AG87/$AW87 -> 1.1709007 | BP87: =AH87/$AW87 -> 1.3741339 | BQ87: =AI87/$AW87 -> 1.3441109 | BR87: =AJ87/$AW87 -> 1.926097 | BS87: =AK87/$AW87 -> 2.9769053 | BT87: =AL87/$AW87 -> 1.2794457 | BU87: =AM87/$AW87 -> 2.039261 | BV87: =AN87/$AW87 -> 1.3464203 | ... CE87: =AW87/$AW87 -> 1 | CF87: =AX87*NF!B$6 -> 1.0634636 | CG87: =AY87*NF!C$6 -> 0.79558758 | CH87: =AZ87*NF!D$6 -> 0.82755197 | CI87: =BA87*NF!E$6 -> 1.0198516 | CJ87: =BB87*NF!F$6 -> 1.0888038 | CK87: =BC87*NF!G$6 -> 1.1110383 | CL87: =BD87*NF!H$6 -> 1.0785627 | CM87: =BE87*NF!I$6 -> 0.80915031 | ... DM87: =CE87*NF!AI$6 -> 1
A88: Low | B88: Q5VU43 | C88: Myomegalin OS=Homo sapiens OX=9606 GN=PDE4DIP PE=1 SV=3 | D88: 0.212 | E88: 1.05 | F88: 0 | G88: 1 | H88: 1 | I88: 1 | J88: 2346 | K88: 264.9 | L88: 5.47 | M88: 0 | N88: 1 | O88: 0 | AG88: 50.9 | AH88: 60.6 | AI88: 47.8 | AJ88: 58.8 | AK88: 48.3 | AL88: 50.7 | AM88: 51.5 | AN88: 68.1 | AO88: 78.9 | AP88: 64.7 | AQ88: 54.5 | AR88: 53.4 | AS88: 55.8 | AT88: 70.5 | AU88: 52.9 | AV88: 39.6 | AW88: 49.1 | AX88: 0 | AY88: 0 | AZ88: 0 | BA88: 0 | BB88: 0 | BC88: 0 | BD88: 0 | BE88: 0 | BF88: 0 | BG88: 0 | BH88: 0 | BI88: 0 | BJ88: 0 | BK88: 0 | BL88: 0 | BM88: 0 | BN88: 0 | BO88: =AG88/$AW88 -> 1.0366599 | BP88: =AH88/$AW88 -> 1.2342159 | BQ88: =AI88/$AW88 -> 0.97352342 | BR88: =AJ88/$AW88 -> 1.197556 | BS88: =AK88/$AW88 -> 0.98370672 | BT88: =AL88/$AW88 -> 1.0325866 | BU88: =AM88/$AW88 -> 1.0488798 | BV88: =AN88/$AW88 -> 1.3869654 | ... CE88: =AW88/$AW88 -> 1 | CF88: =AX88*NF!B$6 -> 0 | CG88: =AY88*NF!C$6 -> 0 | CH88: =AZ88*NF!D$6 -> 0 | CI88: =BA88*NF!E$6 -> 0 | CJ88: =BB88*NF!F$6 -> 0 | CK88: =BC88*NF!G$6 -> 0 | CL88: =BD88*NF!H$6 -> 0 | CM88: =BE88*NF!I$6 -> 0 | ... DM88: =CE88*NF!AI$6 -> 1
A89: High | B89: Q86SF2 | C89: N-acetylgalactosaminyltransferase 7 OS=Homo sapiens OX=9606 GN=GALNT7 PE=1 SV=1 | D89: 0 | E89: 7.108 | F89: 3 | G89: 2 | H89: 4 | I89: 2 | J89: 657 | K89: 75.3 | L89: 7.11 | M89: 8.24 | N89: 2 | O89: 0 | P89: 90.5 | Q89: 130.5 | R89: 135.6 | S89: 123.4 | T89: 175.8 | U89: 151.1 | V89: 188.9 | W89: 118.5 | X89: 162.4 | Y89: 88.7 | Z89: 124.3 | AA89: 92 | AB89: 86.6 | AC89: 97.9 | AD89: 103.3 | AE89: 106.7 | AF89: 105 | AG89: 51.2 | AH89: 60.3 | AI89: 45.2 | AJ89: 58.8 | AK89: 73.2 | AL89: 43.6 | AM89: 59.9 | AN89: 66.6 | AO89: 65.2 | AP89: 88.7 | AQ89: 44.8 | AR89: 59.4 | AS89: 52.6 | AT89: 36 | AU89: 63.9 | AV89: 40.6 | AW89: 42.4 | AX89: =P89/$AF89 -> 0.86190476 | AY89: =Q89/$AF89 -> 1.2428571 | AZ89: =R89/$AF89 -> 1.2914286 | BA89: =S89/$AF89 -> 1.1752381 | BB89: =T89/$AF89 -> 1.6742857 | BC89: =U89/$AF89 -> 1.4390476 | BD89: =V89/$AF89 -> 1.7990476 | BE89: =W89/$AF89 -> 1.1285714 | ... BN89: =AF89/$AF89 -> 1 | BO89: =AG89/$AW89 -> 1.2075472 | BP89: =AH89/$AW89 -> 1.4221698 | BQ89: =AI89/$AW89 -> 1.0660377 | BR89: =AJ89/$AW89 -> 1.3867925 | BS89: =AK89/$AW89 -> 1.7264151 | BT89: =AL89/$AW89 -> 1.0283019 | BU89: =AM89/$AW89 -> 1.4127358 | BV89: =AN89/$AW89 -> 1.5707547 | ... CE89: =AW89/$AW89 -> 1 | CF89: =AX89*NF!B$6 -> 0.88226473 | CG89: =AY89*NF!C$6 -> 1.1176304 | CH89: =AZ89*NF!D$6 -> 1.1722624 | CI89: =BA89*NF!E$6 -> 0.97758694 | CJ89: =BB89*NF!F$6 -> 1.3470609 | CK89: =BC89*NF!G$6 -> 1.0690922 | CL89: =BD89*NF!H$6 -> 1.3026911 | CM89: =BE89*NF!I$6 -> 0.91592621 | ... DM89: =CE89*NF!AI$6 -> 1
A90: High | B90: P31946 | C90: 14-3-3 protein beta/alpha OS=Homo sapiens OX=9606 GN=YWHAB PE=1 SV=3 | D90: 0 | E90: 37.207 | F90: 28 | G90: 5 | H90: 16 | I90: 2 | J90: 246 | K90: 28.1 | L90: 4.83 | M90: 42.44 | N90: 5 | O90: 0 | P90: 131.4 | Q90: 161.9 | R90: 174 | S90: 174.4 | T90: 183.5 | U90: 192.8 | V90: 188.6 | W90: 209.7 | X90: 153.2 | Y90: 151 | Z90: 236.8 | AA90: 168.7 | AB90: 129.5 | AC90: 165.6 | AD90: 163.3 | AE90: 174 | AF90: 177.5 | AG90: 51.2 | AH90: 36.7 | AI90: 57.2 | AJ90: 23.3 | AK90: 31 | AL90: 38.2 | AM90: 59 | AN90: 19.8 | AO90: 24.6 | AP90: 22.3 | AQ90: 23.8 | AR90: 23.1 | AS90: 25.3 | AT90: 27.2 | AU90: 31.2 | AV90: 33.4 | AW90: 18.8 | AX90: =P90/$AF90 -> 0.74028169 | AY90: =Q90/$AF90 -> 0.91211268 | AZ90: =R90/$AF90 -> 0.98028169 | BA90: =S90/$AF90 -> 0.98253521 | BB90: =T90/$AF90 -> 1.0338028 | BC90: =U90/$AF90 -> 1.0861972 | BD90: =V90/$AF90 -> 1.0625352 | BE90: =W90/$AF90 -> 1.1814085 | ... BN90: =AF90/$AF90 -> 1 | BO90: =AG90/$AW90 -> 2.7234043 | BP90: =AH90/$AW90 -> 1.9521277 | BQ90: =AI90/$AW90 -> 3.0425532 | BR90: =AJ90/$AW90 -> 1.2393617 | BS90: =AK90/$AW90 -> 1.6489362 | BT90: =AL90/$AW90 -> 2.0319149 | BU90: =AM90/$AW90 -> 3.1382979 | BV90: =AN90/$AW90 -> 1.0531915 | ... CE90: =AW90/$AW90 -> 1 | CF90: =AX90*NF!B$6 -> 0.75776867 | CG90: =AY90*NF!C$6 -> 0.82021077 | CH90: =AZ90*NF!D$6 -> 0.88982651 | CI90: =BA90*NF!E$6 -> 0.81729276 | CJ90: =BB90*NF!F$6 -> 0.8317549 | CK90: =BC90*NF!G$6 -> 0.8069538 | CL90: =BD90*NF!H$6 -> 0.76938215 | CM90: =BE90*NF!I$6 -> 0.95880769 | ... DM90: =CE90*NF!AI$6 -> 1
A91: Low | B91: Q13387 | C91: C-Jun-amino-terminal kinase-interacting protein 2 OS=Homo sapiens OX=9606 GN=MAPK8IP2 PE=1 SV=2 | D91: 0.248 | E91: 0.909 | F91: 1 | G91: 1 | H91: 1 | I91: 1 | J91: 824 | K91: 87.9 | L91: 4.46 | M91: 1.64 | N91: 1 | O91: 0 | AG91: 51.7 | AH91: 51.5 | AI91: 49.4 | AJ91: 43.1 | AK91: 38.6 | AL91: 76 | AM91: 41.4 | AN91: 56.3 | AO91: 34.4 | AP91: 40.9 | AQ91: 43.8 | AR91: 44.5 | AS91: 40.7 | AT91: 55.6 | AU91: 58.8 | AV91: 41.9 | AW91: 35.1 | AX91: 0 | AY91: 0 | AZ91: 0 | BA91: 0 | BB91: 0 | BC91: 0 | BD91: 0 | BE91: 0 | BF91: 0 | BG91: 0 | BH91: 0 | BI91: 0 | BJ91: 0 | BK91: 0 | BL91: 0 | BM91: 0 | BN91: 0 | BO91: =AG91/$AW91 -> 1.4729345 | BP91: =AH91/$AW91 -> 1.4672365 | BQ91: =AI91/$AW91 -> 1.4074074 | BR91: =AJ91/$AW91 -> 1.2279202 | BS91: =AK91/$AW91 -> 1.0997151 | BT91: =AL91/$AW91 -> 2.1652422 | BU91: =AM91/$AW91 -> 1.1794872 | BV91: =AN91/$AW91 -> 1.6039886 | ... CE91: =AW91/$AW91 -> 1 | CF91: =AX91*NF!B$6 -> 0 | CG91: =AY91*NF!C$6 -> 0 | CH91: =AZ91*NF!D$6 -> 0 | CI91: =BA91*NF!E$6 -> 0 | CJ91: =BB91*NF!F$6 -> 0 | CK91: =BC91*NF!G$6 -> 0 | CL91: =BD91*NF!H$6 -> 0 | CM91: =BE91*NF!I$6 -> 0 | ... DM91: =CE91*NF!AI$6 -> 1
A92: Medium | B92: Q709C8 | C92: Vacuolar protein sorting-associated protein 13C OS=Homo sapiens OX=9606 GN=VPS13C PE=1 SV=1 | D92: 0.013 | E92: 3.912 | F92: 1 | G92: 2 | H92: 4 | I92: 1 | J92: 3753 | K92: 422.1 | L92: 6.83 | M92: 5.48 | N92: 2 | O92: 0 | AG92: 51.8 | AH92: 121.7 | AI92: 50.9 | AJ92: 87.9 | AK92: 44.9 | AL92: 69.5 | AM92: 71.2 | AN92: 40.8 | AO92: 33.6 | AP92: 33.6 | AQ92: 109.6 | AR92: 43.1 | AS92: 54.2 | AT92: 55 | AU92: 58 | AV92: 135 | AW92: 23.2 | AX92: 0 | AY92: 0 | AZ92: 0 | BA92: 0 | BB92: 0 | BC92: 0 | BD92: 0 | BE92: 0 | BF92: 0 | BG92: 0 | BH92: 0 | BI92: 0 | BJ92: 0 | BK92: 0 | BL92: 0 | BM92: 0 | BN92: 0 | BO92: =AG92/$AW92 -> 2.2327586 | BP92: =AH92/$AW92 -> 5.2456897 | BQ92: =AI92/$AW92 -> 2.1939655 | BR92: =AJ92/$AW92 -> 3.7887931 | BS92: =AK92/$AW92 -> 1.9353448 | BT92: =AL92/$AW92 -> 2.9956897 | BU92: =AM92/$AW92 -> 3.0689655 | BV92: =AN92/$AW92 -> 1.7586207 | ... CE92: =AW92/$AW92 -> 1 | CF92: =AX92*NF!B$6 -> 0 | CG92: =AY92*NF!C$6 -> 0 | CH92: =AZ92*NF!D$6 -> 0 | CI92: =BA92*NF!E$6 -> 0 | CJ92: =BB92*NF!F$6 -> 0 | CK92: =BC92*NF!G$6 -> 0 | CL92: =BD92*NF!H$6 -> 0 | CM92: =BE92*NF!I$6 -> 0 | ... DM92: =CE92*NF!AI$6 -> 1
A93: Low | B93: Q9Y6Q3 | C93: Zinc finger protein 37 homolog OS=Homo sapiens OX=9606 GN=ZFP37 PE=2 SV=3 | D93: 0.281 | E93: 0.799 | F93: 1 | G93: 1 | H93: 2 | I93: 1 | J93: 630 | K93: 71.2 | L93: 9.09 | M93: 4.43 | N93: 1 | O93: 0 | P93: 14.8 | Q93: 16.8 | R93: 9.4 | S93: 18.3 | T93: 12 | U93: 13.4 | V93: 10.7 | W93: 18.6 | X93: 19.4 | Y93: 14.7 | Z93: 10.8 | AA93: 14.1 | AB93: 12.1 | AC93: 15.8 | AD93: 15.8 | AE93: 11.2 | AF93: 15.2 | AG93: 51.9 | AH93: 59.2 | AI93: 41 | AJ93: 65.9 | AK93: 53 | AL93: 60.9 | AM93: 59 | AN93: 68 | AO93: 61 | AP93: 52.6 | AQ93: 45.8 | AR93: 51.7 | AS93: 42.9 | AT93: 54.3 | AU93: 60 | AV93: 56.8 | AW93: 53.7 | AX93: =P93/$AF93 -> 0.97368421 | AY93: =Q93/$AF93 -> 1.1052632 | AZ93: =R93/$AF93 -> 0.61842105 | BA93: =S93/$AF93 -> 1.2039474 | BB93: =T93/$AF93 -> 0.78947368 | BC93: =U93/$AF93 -> 0.88157895 | BD93: =V93/$AF93 -> 0.70394737 | BE93: =W93/$AF93 -> 1.2236842 | ... BN93: =AF93/$AF93 -> 1 | BO93: =AG93/$AW93 -> 0.96648045 | BP93: =AH93/$AW93 -> 1.1024209 | BQ93: =AI93/$AW93 -> 0.76350093 | BR93: =AJ93/$AW93 -> 1.2271881 | BS93: =AK93/$AW93 -> 0.98696462 | BT93: =AL93/$AW93 -> 1.1340782 | BU93: =AM93/$AW93 -> 1.0986965 | BV93: =AN93/$AW93 -> 1.2662942 | ... CE93: =AW93/$AW93 -> 1 | CF93: =AX93*NF!B$6 -> 0.99668464 | CG93: =AY93*NF!C$6 -> 0.99389995 | CH93: =AZ93*NF!D$6 -> 0.56135645 | CI93: =BA93*NF!E$6 -> 1.0014679 | CJ93: =BB93*NF!F$6 -> 0.63517781 | CK93: =BC93*NF!G$6 -> 0.65493954 | CL93: =BD93*NF!H$6 -> 0.50972855 | CM93: =BE93*NF!I$6 -> 0.99311786 | ... DM93: =CE93*NF!AI$6 -> 1
A94: High | B94: O15144 | C94: Actin-related protein 2/3 complex subunit 2 OS=Homo sapiens OX=9606 GN=ARPC2 PE=1 SV=1 | D94: 0 | E94: 11.497 | F94: 9 | G94: 3 | H94: 6 | I94: 3 | J94: 300 | K94: 34.3 | L94: 7.36 | M94: 9.01 | N94: 3 | O94: 0 | P94: 56.2 | Q94: 49.5 | R94: 53.1 | S94: 70.1 | T94: 69.1 | U94: 95.8 | V94: 88.9 | W94: 75.7 | X94: 70.7 | Y94: 43.8 | Z94: 83 | AA94: 62.3 | AB94: 52 | AC94: 50.1 | AD94: 50.5 | AE94: 51.4 | AF94: 62.7 | AG94: 53.7 | AH94: 38.5 | AI94: 56.3 | AJ94: 26.7 | AK94: 37.6 | AL94: 34.2 | AM94: 59.1 | AN94: 21.6 | AO94: 33.7 | AP94: 18.5 | AQ94: 33.1 | AR94: 25.8 | AS94: 34.6 | AT94: 28.8 | AU94: 26.2 | AV94: 36.6 | AW94: 19.3 | AX94: =P94/$AF94 -> 0.89633174 | AY94: =Q94/$AF94 -> 0.78947368 | AZ94: =R94/$AF94 -> 0.84688995 | BA94: =S94/$AF94 -> 1.1180223 | BB94: =T94/$AF94 -> 1.1020734 | BC94: =U94/$AF94 -> 1.5279107 | BD94: =V94/$AF94 -> 1.4178628 | BE94: =W94/$AF94 -> 1.2073365 | ... BN94: =AF94/$AF94 -> 1 | BO94: =AG94/$AW94 -> 2.7823834 | BP94: =AH94/$AW94 -> 1.9948187 | BQ94: =AI94/$AW94 -> 2.9170984 | BR94: =AJ94/$AW94 -> 1.3834197 | BS94: =AK94/$AW94 -> 1.9481865 | BT94: =AL94/$AW94 -> 1.7720207 | BU94: =AM94/$AW94 -> 3.0621762 | BV94: =AN94/$AW94 -> 1.119171 | ... CE94: =AW94/$AW94 -> 1 | CF94: =AX94*NF!B$6 -> 0.91750494 | CG94: =AY94*NF!C$6 -> 0.70992854 | CH94: =AZ94*NF!D$6 -> 0.76874345 | CI94: =BA94*NF!E$6 -> 0.9299937 | CJ94: =BB94*NF!F$6 -> 0.88668256 | CK94: =BC94*NF!G$6 -> 1.1351101 | CL94: =BD94*NF!H$6 -> 1.026675 | CM94: =BE94*NF!I$6 -> 0.9798504 | ... DM94: =CE94*NF!AI$6 -> 1
A95: Low | B95: P62068 | C95: Ubiquitin carboxyl-terminal hydrolase 46 OS=Homo sapiens OX=9606 GN=USP46 PE=1 SV=1 | D95: 0.146 | E95: 1.399 | F95: 5 | G95: 1 | H95: 1 | I95: 1 | J95: 366 | K95: 42.4 | L95: 6.83 | M95: 0 | N95: 1 | O95: 0 | AG95: 54.2 | AH95: 62.4 | AI95: 56.1 | AJ95: 62.9 | AK95: 68.7 | AL95: 57 | AM95: 65.7 | AN95: 52.3 | AO95: 63.1 | AP95: 57.2 | AQ95: 51.6 | AR95: 67 | AS95: 62.8 | AT95: 77.2 | AU95: 50.5 | AV95: 61.7 | AW95: 56.5 | AX95: 0 | AY95: 0 | AZ95: 0 | BA95: 0 | BB95: 0 | BC95: 0 | BD95: 0 | BE95: 0 | BF95: 0 | BG95: 0 | BH95: 0 | BI95: 0 | BJ95: 0 | BK95: 0 | BL95: 0 | BM95: 0 | BN95: 0 | BO95: =AG95/$AW95 -> 0.95929204 | BP95: =AH95/$AW95 -> 1.1044248 | BQ95: =AI95/$AW95 -> 0.99292035 | BR95: =AJ95/$AW95 -> 1.1132743 | BS95: =AK95/$AW95 -> 1.2159292 | BT95: =AL95/$AW95 -> 1.0088496 | BU95: =AM95/$AW95 -> 1.1628319 | BV95: =AN95/$AW95 -> 0.92566372 | ... CE95: =AW95/$AW95 -> 1 | CF95: =AX95*NF!B$6 -> 0 | CG95: =AY95*NF!C$6 -> 0 | CH95: =AZ95*NF!D$6 -> 0 | CI95: =BA95*NF!E$6 -> 0 | CJ95: =BB95*NF!F$6 -> 0 | CK95: =BC95*NF!G$6 -> 0 | CL95: =BD95*NF!H$6 -> 0 | CM95: =BE95*NF!I$6 -> 0 | ... DM95: =CE95*NF!AI$6 -> 1
A96: High | B96: P61513 | C96: 60S ribosomal protein L37a OS=Homo sapiens OX=9606 GN=RPL37A PE=1 SV=2 | D96: 0 | E96: 7.792 | F96: 20 | G96: 1 | H96: 1 | I96: 1 | J96: 92 | K96: 10.3 | L96: 10.43 | M96: 4.23 | N96: 1 | O96: 0 | AG96: 55 | AH96: 60.4 | AI96: 53.3 | AJ96: 56.1 | AK96: 60.1 | AL96: 61.1 | AM96: 57.9 | AN96: 54.4 | AO96: 52.2 | AP96: 60.4 | AQ96: 55.4 | AR96: 52.5 | AS96: 53.3 | AT96: 37 | AU96: 38.1 | AV96: 24.6 | AW96: 37.3 | AX96: 0 | AY96: 0 | AZ96: 0 | BA96: 0 | BB96: 0 | BC96: 0 | BD96: 0 | BE96: 0 | BF96: 0 | BG96: 0 | BH96: 0 | BI96: 0 | BJ96: 0 | BK96: 0 | BL96: 0 | BM96: 0 | BN96: 0 | BO96: =AG96/$AW96 -> 1.4745308 | BP96: =AH96/$AW96 -> 1.6193029 | BQ96: =AI96/$AW96 -> 1.4289544 | BR96: =AJ96/$AW96 -> 1.5040214 | BS96: =AK96/$AW96 -> 1.6112601 | BT96: =AL96/$AW96 -> 1.6380697 | BU96: =AM96/$AW96 -> 1.5522788 | BV96: =AN96/$AW96 -> 1.458445 | ... CE96: =AW96/$AW96 -> 1 | CF96: =AX96*NF!B$6 -> 0 | CG96: =AY96*NF!C$6 -> 0 | CH96: =AZ96*NF!D$6 -> 0 | CI96: =BA96*NF!E$6 -> 0 | CJ96: =BB96*NF!F$6 -> 0 | CK96: =BC96*NF!G$6 -> 0 | CL96: =BD96*NF!H$6 -> 0 | CM96: =BE96*NF!I$6 -> 0 | ... DM96: =CE96*NF!AI$6 -> 1
A97: High | B97: P29279 | C97: CCN family member 2 OS=Homo sapiens OX=9606 GN=CCN2 PE=1 SV=2 | D97: 0.007 | E97: 4.367 | F97: 3 | G97: 1 | H97: 2 | I97: 1 | J97: 349 | K97: 38.1 | L97: 8 | M97: 5.14 | N97: 1 | O97: 0 | P97: 21.3 | Q97: 37.8 | R97: 33.9 | S97: 33.8 | T97: 43.3 | U97: 61.3 | V97: 34.9 | W97: 31.1 | X97: 42.6 | Y97: 24 | Z97: 43.3 | AA97: 20.2 | AB97: 28.1 | AC97: 19.9 | AD97: 24 | AE97: 29.1 | AF97: 31.6 | AG97: 55.4 | AH97: 68.4 | AI97: 52.5 | AJ97: 86.8 | AK97: 129.4 | AL97: 55.4 | AM97: 81.9 | AN97: 64.8 | AO97: 77.3 | AP97: 76.3 | AQ97: 59.7 | AR97: 50 | AS97: 71 | AT97: 57.3 | AU97: 64.1 | AV97: 54 | AW97: 97.6 | AX97: =P97/$AF97 -> 0.67405063 | AY97: =Q97/$AF97 -> 1.1962025 | AZ97: =R97/$AF97 -> 1.0727848 | BA97: =S97/$AF97 -> 1.0696203 | BB97: =T97/$AF97 -> 1.3702532 | BC97: =U97/$AF97 -> 1.9398734 | BD97: =V97/$AF97 -> 1.1044304 | BE97: =W97/$AF97 -> 0.98417722 | ... BN97: =AF97/$AF97 -> 1 | BO97: =AG97/$AW97 -> 0.56762295 | BP97: =AH97/$AW97 -> 0.70081967 | BQ97: =AI97/$AW97 -> 0.53790984 | BR97: =AJ97/$AW97 -> 0.88934426 | BS97: =AK97/$AW97 -> 1.3258197 | BT97: =AL97/$AW97 -> 0.56762295 | BU97: =AM97/$AW97 -> 0.83913934 | BV97: =AN97/$AW97 -> 0.66393443 | ... CE97: =AW97/$AW97 -> 1 | CF97: =AX97*NF!B$6 -> 0.6899731 | CG97: =AY97*NF!C$6 -> 1.0756765 | CH97: =AZ97*NF!D$6 -> 0.97379393 | CI97: =BA97*NF!E$6 -> 0.88973187 | CJ97: =BB97*NF!F$6 -> 1.1024489 | CK97: =BC97*NF!G$6 -> 1.441164 | CL97: =BD97*NF!H$6 -> 0.79971845 | CM97: =BE97*NF!I$6 -> 0.79873873 | ... DM97: =CE97*NF!AI$6 -> 1
A98: Low | B98: O60676 | C98: Cystatin-8 OS=Homo sapiens OX=9606 GN=CST8 PE=1 SV=1 | D98: 0.217 | E98: 1.028 | F98: 11 | G98: 1 | H98: 1 | I98: 1 | J98: 142 | K98: 16.3 | L98: 8.81 | M98: 0 | N98: 1 | O98: 0 | AG98: 55.5 | AH98: 71 | AI98: 59.4 | AJ98: 72.2 | AK98: 98.9 | AL98: 49.9 | AM98: 60.2 | AN98: 67.5 | AO98: 56.1 | AP98: 65.2 | AQ98: 49.2 | AR98: 64.9 | AS98: 47.7 | AT98: 53.5 | AU98: 64.9 | AV98: 48.5 | AW98: 60.3 | AX98: 0 | AY98: 0 | AZ98: 0 | BA98: 0 | BB98: 0 | BC98: 0 | BD98: 0 | BE98: 0 | BF98: 0 | BG98: 0 | BH98: 0 | BI98: 0 | BJ98: 0 | BK98: 0 | BL98: 0 | BM98: 0 | BN98: 0 | BO98: =AG98/$AW98 -> 0.92039801 | BP98: =AH98/$AW98 -> 1.1774461 | BQ98: =AI98/$AW98 -> 0.98507463 | BR98: =AJ98/$AW98 -> 1.1973466 | BS98: =AK98/$AW98 -> 1.6401327 | BT98: =AL98/$AW98 -> 0.82752902 | BU98: =AM98/$AW98 -> 0.99834163 | BV98: =AN98/$AW98 -> 1.119403 | ... CE98: =AW98/$AW98 -> 1 | CF98: =AX98*NF!B$6 -> 0 | CG98: =AY98*NF!C$6 -> 0 | CH98: =AZ98*NF!D$6 -> 0 | CI98: =BA98*NF!E$6 -> 0 | CJ98: =BB98*NF!F$6 -> 0 | CK98: =BC98*NF!G$6 -> 0 | CL98: =BD98*NF!H$6 -> 0 | CM98: =BE98*NF!I$6 -> 0 | ... DM98: =CE98*NF!AI$6 -> 1
A99: Low | B99: O00462 | C99: Beta-mannosidase OS=Homo sapiens OX=9606 GN=MANBA PE=1 SV=3 | D99: 0.108 | E99: 1.634 | F99: 1 | G99: 1 | H99: 1 | I99: 1 | J99: 879 | K99: 100.8 | L99: 5.52 | M99: 0 | N99: 1 | O99: 0 | AG99: 55.7 | AH99: 45.2 | AI99: 32.4 | AJ99: 43.2 | AK99: 45 | AL99: 37.3 | AM99: 36.4 | AN99: 29.1 | AO99: 35.9 | AP99: 41.8 | AQ99: 38.1 | AR99: 29.9 | AS99: 42.6 | AT99: 40.4 | AU99: 44.1 | AV99: 40.4 | AW99: 32.8 | AX99: 0 | AY99: 0 | AZ99: 0 | BA99: 0 | BB99: 0 | BC99: 0 | BD99: 0 | BE99: 0 | BF99: 0 | BG99: 0 | BH99: 0 | BI99: 0 | BJ99: 0 | BK99: 0 | BL99: 0 | BM99: 0 | BN99: 0 | BO99: =AG99/$AW99 -> 1.6981707 | BP99: =AH99/$AW99 -> 1.3780488 | BQ99: =AI99/$AW99 -> 0.98780488 | BR99: =AJ99/$AW99 -> 1.3170732 | BS99: =AK99/$AW99 -> 1.3719512 | BT99: =AL99/$AW99 -> 1.1371951 | BU99: =AM99/$AW99 -> 1.1097561 | BV99: =AN99/$AW99 -> 0.88719512 | ... CE99: =AW99/$AW99 -> 1 | CF99: =AX99*NF!B$6 -> 0 | CG99: =AY99*NF!C$6 -> 0 | CH99: =AZ99*NF!D$6 -> 0 | CI99: =BA99*NF!E$6 -> 0 | CJ99: =BB99*NF!F$6 -> 0 | CK99: =BC99*NF!G$6 -> 0 | CL99: =BD99*NF!H$6 -> 0 | CM99: =BE99*NF!I$6 -> 0 | ... DM99: =CE99*NF!AI$6 -> 1
A100: Low | B100: Q9Y485 | C100: DmX-like protein 1 OS=Homo sapiens OX=9606 GN=DMXL1 PE=1 SV=3 | D100: 0.217 | E100: 1.024 | F100: 1 | G100: 1 | H100: 1 | I100: 1 | J100: 3027 | K100: 337.6 | L100: 6.34 | M100: 0 | N100: 1 | O100: 0 | AG100: 56.1 | AH100: 69.4 | AI100: 55.6 | AJ100: 67.6 | AK100: 57.9 | AL100: 66.8 | AM100: 66.2 | AN100: 75.4 | AO100: 64.4 | AP100: 60.2 | AQ100: 51.2 | AR100: 67.3 | AS100: 55.7 | AT100: 61.8 | AU100: 68.9 | AV100: 58 | AW100: 52.7 | AX100: 0 | AY100: 0 | AZ100: 0 | BA100: 0 | BB100: 0 | BC100: 0 | BD100: 0 | BE100: 0 | BF100: 0 | BG100: 0 | BH100: 0 | BI100: 0 | BJ100: 0 | BK100: 0 | BL100: 0 | BM100: 0 | BN100: 0 | BO100: =AG100/$AW100 -> 1.0645161 | BP100: =AH100/$AW100 -> 1.316888 | BQ100: =AI100/$AW100 -> 1.0550285 | BR100: =AJ100/$AW100 -> 1.2827324 | BS100: =AK100/$AW100 -> 1.0986717 | BT100: =AL100/$AW100 -> 1.2675522 | BU100: =AM100/$AW100 -> 1.256167 | BV100: =AN100/$AW100 -> 1.43074 | ... CE100: =AW100/$AW100 -> 1 | CF100: =AX100*NF!B$6 -> 0 | CG100: =AY100*NF!C$6 -> 0 | CH100: =AZ100*NF!D$6 -> 0 | CI100: =BA100*NF!E$6 -> 0 | CJ100: =BB100*NF!F$6 -> 0 | CK100: =BC100*NF!G$6 -> 0 | CL100: =BD100*NF!H$6 -> 0 | CM100: =BE100*NF!I$6 -> 0 | ... DM100: =CE100*NF!AI$6 -> 1
...

Sheet NF
A1: Sample name | B1: 001FEA | C1: 002FAA | D1: 003MEA | E1: 004FAA | F1: 005FEA | G1: 006FEA | H1: 007FEA | I1: 008MEA | J1: 009FEA | K1: 010MEA | L1: 011FEA | M1: 012FEA | N1: 013MEA | O1: 014MEA | P1: 015MEA | Q1: 016FEA | R1: master mix1 | S1: 017FEA | T1: 018MEA | U1: 019MEA | V1: 020MAA | W1: 021MAA | X1: 022MAA | Y1: 023MAA | Z1: 024FAA | AA1: 025FAA | AB1: 026MAA | AC1: 027FAA | AD1: 028FEA | AE1: 029FAA | AF1: 030MAA | AG1: 031MEA | AH1: 032FAA | AI1: master mix2
A2: TMT-tag | B2: 126 | C2: 127N | D2: 127C | E2: 128N | F2: 128C | G2: 129N | H2: 129C | I2: 130N | J2: 130C | K2: 131N | L2: 131C | M2: 132N | N2: 132C | O2: 133N | P2: 133C | Q2: 134N | R2: 134C | S2: 126 | T2: 127N | U2: 127C | V2: 128N | W2: 128C | X2: 129N | Y2: 129C | Z2: 130N | AA2: 130C | AB2: 131N | AC2: 131C | AD2: 132N | AE2: 132C | AF2: 132C | AG2: 132C | AH2: 134N | AI2: 134C
A3: sample | B3: Abundance: F1: 126, Sample | C3: Abundance: F1: 127N, Sample | D3: Abundance: F1: 127C, Sample | E3: Abundance: F1: 128N, Sample | F3: Abundance: F1: 128C, Sample | G3: Abundance: F1: 129N, Sample | H3: Abundance: F1: 129C, Sample | I3: Abundance: F1: 130N, Sample | J3: Abundance: F1: 130C, Sample | K3: Abundance: F1: 131N, Sample | L3: Abundance: F1: 131C, Sample | M3: Abundance: F1: 132N, Sample | N3: Abundance: F1: 132C, Sample | O3: Abundance: F1: 133N, Sample | P3: Abundance: F1: 133C, Sample | Q3: Abundance: F1: 134N, Sample | R3: Abundance: F1: 134C, Sample | S3: Abundance: F2: 126, Sample | T3: Abundance: F2: 127N, Sample | U3: Abundance: F2: 127C, Sample | V3: Abundance: F2: 128N, Sample | W3: Abundance: F2: 128C, Sample | X3: Abundance: F2: 129N, Sample | Y3: Abundance: F2: 129C, Sample | Z3: Abundance: F2: 130N, Sample | AA3: Abundance: F2: 130C, Sample | AB3: Abundance: F2: 131N, Sample | AC3: Abundance: F2: 131C, Sample | AD3: Abundance: F2: 132N, Sample | AE3: Abundance: F2: 132C, Sample | AF3: Abundance: F2: 133N, Sample | AG3: Abundance: F2: 133C, Sample | AH3: Abundance: F2: 134N, Sample | AI3: Abundance: F2: 134C, Sample
A4: summed ratio | B4: 973.9923 | C4: 1108.7106 | D4: 1098.3499 | E4: 1198.5761 | F4: 1239.1889 | G4: 1342.0082 | H4: 1376.8809 | I4: 1228.4676 | J4: 1278.4329 | K4: 1065.3694 | L4: 1578.3425 | M4: 929.01821 | N4: 934.32359 | O4: 1051.1949 | P4: 976.34663 | Q4: 1066.2013 | R4: 997 | S4: 1780.6275 | T4: 1817.7744 | U4: 1878.5315 | V4: 1676.8969 | W4: 1940.462 | X4: 1570.335 | Y4: 2027.5998 | Z4: 1435.4334 | AA4: 1404.4165 | AB4: 1439.7439 | AC4: 1329.3367 | AD4: 1288.7929 | AE4: 1262.716 | AF4: 1303.4482 | AG4: 1443.3649 | AH4: 1640.955 | AI4: 1239
A5: NF | B5: =$R$4/B4 -> 1.0236221 | C5: =$R$4/C4 -> 0.89924281 | D5: =$R$4/D4 -> 0.90772532 | E5: =$R$4/E4 -> 0.83182033 | F5: =$R$4/F4 -> 0.80455856 | G5: =$R$4/G4 -> 0.7429165 | H5: =$R$4/H4 -> 0.72410038 | I5: =$R$4/I4 -> 0.81158019 | ... R5: =$R$4/R4 -> 1 | S5: =$AI$4/S4 -> 0.69582212 | T5: =$AI$4/T4 -> 0.68160272 | U5: =$AI$4/U4 -> 0.65955774 | V5: =$AI$4/V4 -> 0.73886474 | W5: =$AI$4/W4 -> 0.63850775 | X5: =$AI$4/X4 -> 0.78900364 | Y5: =$AI$4/Y4 -> 0.61106732 | Z5: =$AI$4/Z4 -> 0.86315393 | ... AI5: =$AI$4/AI4 -> 1
A6: NF | B6: 1.0236221 | C6: 0.89924281 | D6: 0.90772532 | E6: 0.83182033 | F6: 0.80455856 | G6: 0.7429165 | H6: 0.72410038 | I6: 0.81158019 | J6: 0.77986105 | K6: 0.93582565 | L6: 0.63167533 | M6: 1.0731759 | N6: 1.0670821 | O6: 0.9484445 | P6: 1.0211537 | Q6: 0.93509543 | R6: 1 | S6: 0.69582212 | T6: 0.68160272 | U6: 0.65955774 | V6: 0.73886474 | W6: 0.63850775 | X6: 0.78900364 | Y6: 0.61106732 | Z6: 0.86315393 | AA6: 0.88221694 | AB6: 0.86056973 | AC6: 0.93204376 | AD6: 0.96136469 | AE6: 0.98121826 | AF6: 0.95055561 | AG6: 0.85841079 | AH6: 0.75504812 | AI6: 1
